TIME,ID,SIZE,PRICE,DIRECTION
1,9968,1,0,1
2,1,1,1,1
4,3,1,2,1
8,5,1,2,1
12,9971,1,1,-1
15,0,1,-1,-1
24,7,1,3,1
27,9,1,3,1
28,9984,1,2,-1
30,11,1,4,1
34,13,1,4,1
40,9987,1,2,-1
43,9994,1,2,-1
45,15,1,4,1
48,17,1,5,1
54,9974,1,-1,-1
55,4,1,-2,-1
56,19,1,5,1
62,9985,1,-2,-1
63,10029,1,0,1
68,21,1,5,1
69,10034,1,4,-1
71,10004,1,-2,-1
72,6,1,-3,-1
74,23,1,6,1
78,25,1,6,1
80,27,1,6,1
85,29,1,6,1
87,31,1,7,1
89,10049,1,3,-1
90,33,1,7,1
95,35,1,7,1
106,10056,1,3,-1
111,10073,1,2,-1
112,10062,1,-1,-1
113,8,1,-3,-1
114,37,1,7,1
117,10018,1,7,1
121,10087,1,0,-1
122,10027,1,7,1
133,9989,1,-3,-1
138,10096,1,-1,1
140,10091,1,0,1
142,10094,1,1,1
146,10103,1,-3,-1
147,12,1,-4,-1
150,10113,1,-2,1
153,14,1,-4,-1
154,10026,1,-4,-1
161,20,1,-5,-1
164,10032,1,-5,-1
165,24,1,-6,-1
171,26,1,-6,-1
176,10126,1,-4,1
178,10145,1,-5,1
179,28,1,-6,-1
185,10138,1,6,1
186,10148,1,-2,-1
190,10157,1,-4,-1
192,10134,1,-6,-1
195,30,1,-7,-1
201,10168,1,-3,1
203,10164,1,-5,-1
207,32,1,-7,-1
208,34,1,-7,-1
209,36,1,-7,-1
210,10172,1,1,1
213,10141,1,7,1
215,39,1,8,1
216,41,1,8,1
218,43,1,8,1
219,45,1,8,1
220,47,1,8,1
222,10149,1,-7,-1
224,10191,1,5,-1
231,42,1,-8,-1
237,44,1,-8,-1
241,46,1,-8,-1
243,10210,1,-5,-1
244,10124,1,-8,-1
246,10193,1,2,1
248,10215,1,8,-1
250,10217,1,-1,1
252,10155,1,-8,-1
254,50,1,-9,-1
257,52,1,-9,-1
258,10223,1,7,1
263,51,1,9,1
268,53,1,9,1
269,55,1,9,1
270,57,1,9,1
273,10130,1,9,1
274,10233,1,3,-1
276,65,1,10,1
277,67,1,10,1
279,10239,1,-5,-1
282,54,1,-9,-1
284,10251,1,-7,1
288,56,1,-9,-1
290,10253,1,-5,1
291,10229,1,10,1
292,71,1,11,1
302,10257,1,-9,-1
305,10272,1,-5,-1
307,10261,1,4,1
308,66,1,-10,-1
310,10267,1,7,1
312,73,1,11,1
314,75,1,11,1
316,10264,1,-10,-1
318,10283,1,-2,1
319,10279,1,-10,-1
321,77,1,11,1
322,74,1,-11,-1
324,9982,1,11,1
325,10246,1,11,1
327,85,1,12,1
331,10297,1,10,-1
338,10305,1,1,1
347,10303,1,4,1
348,10298,1,-2,-1
351,10312,1,-2,-1
352,10313,1,8,1
353,76,1,-11,-1
355,10061,1,-11,-1
356,86,1,-12,-1
357,10117,1,-12,-1
360,10314,1,10,1
365,10296,1,11,1
366,10331,1,-7,-1
367,87,1,12,1
368,10044,1,12,1
369,10326,1,-9,-1
373,10338,1,10,1
375,10339,1,4,-1
376,10099,1,12,1
377,10150,1,12,1
378,10294,1,-12,-1
380,10291,1,12,1
381,10347,1,-8,-1
383,95,1,13,1
385,97,1,13,1
386,10350,1,-8,-1
387,10052,1,13,1
393,10054,1,13,1
397,10265,1,13,1
399,10356,1,10,-1
406,10364,1,8,-1
407,10357,1,7,-1
408,10366,1,-8,-1
409,10266,1,13,1
413,105,1,14,1
414,107,1,14,1
415,10379,1,10,-1
418,10385,1,-3,1
421,10384,1,8,1
423,10388,1,-4,-1
427,10387,1,-9,-1
428,10390,1,12,1
429,10322,1,14,1
430,10360,1,14,1
432,10393,1,-9,-1
433,115,1,15,1
434,10394,1,-12,-1
437,10404,1,-4,-1
438,10403,1,9,1
443,10407,1,-2,-1
445,94,1,-13,-1
446,96,1,-13,-1
447,9991,1,-13,-1
450,10131,1,-13,-1
452,10378,1,-13,-1
454,106,1,-14,-1
455,10412,1,-12,1
458,10416,1,7,1
459,117,1,15,1
466,10431,1,6,1
468,10066,1,15,1
469,10189,1,15,1
471,10340,1,15,1
472,10409,1,15,1
473,10438,1,9,-1
475,10442,1,4,1
482,123,1,16,1
483,125,1,16,1
485,127,1,16,1
489,10444,1,14,-1
495,10461,1,9,1
498,10452,1,3,-1
501,10425,1,1,-1
503,10458,1,11,1
504,10468,1,-6,-1
510,10474,1,6,1
511,10477,1,-3,-1
515,10473,1,12,1
518,10480,1,-1,-1
521,10464,1,14,1
522,10482,1,-6,-1
525,10492,1,7,-1
526,10491,1,14,1
528,10481,1,15,1
531,10203,1,16,1
532,10248,1,16,1
533,10497,1,3,-1
537,10503,1,-1,-1
541,10506,1,9,1
542,10105,1,17,1
544,10495,1,-2,-1
545,10511,1,-1,1
546,10232,1,17,1
547,10281,1,17,1
550,10517,1,4,1
552,141,1,18,1
554,10498,1,-5,-1
559,10526,1,10,-1
562,10528,1,7,-1
564,10524,1,16,1
565,143,1,18,1
573,10531,1,13,-1
580,10544,1,15,-1
585,10540,1,13,-1
586,10538,1,16,1
592,10557,1,15,1
594,10545,1,9,-1
597,10563,1,15,-1
598,10558,1,9,-1
604,10068,1,18,1
608,10573,1,13,1
610,10262,1,18,1
612,10271,1,18,1
613,10327,1,18,1
615,10577,1,14,-1
617,155,1,19,1
618,157,1,19,1
623,10575,1,10,-1
624,10568,1,8,-1
627,10173,1,19,1
628,10594,1,8,-1
633,10599,1,16,-1
635,10529,1,6,-1
637,10604,1,15,-1
640,10542,1,19,1
642,10584,1,3,-1
643,10550,1,0,-1
644,10590,1,0,-1
647,10571,1,-5,-1
650,10616,1,1,1
651,10613,1,9,1
652,10555,1,19,1
662,10621,1,13,-1
663,10626,1,16,1
664,10228,1,20,1
667,10624,1,10,-1
668,10634,1,14,1
670,10629,1,8,-1
671,10633,1,-2,-1
673,10627,1,-4,-1
675,10622,1,-6,-1
686,10646,1,-6,1
692,10606,1,-7,-1
693,10658,1,0,1
695,10645,1,2,1
698,10525,1,-8,-1
701,10485,1,-9,-1
705,10672,1,-8,-1
707,10665,1,-3,1
712,10659,1,8,1
714,10677,1,-7,-1
717,10683,1,-7,-1
718,10679,1,-9,-1
724,10690,1,-6,-1
725,10519,1,-10,-1
727,10609,1,-10,-1
730,10687,1,-3,1
731,10696,1,-6,-1
735,10688,1,1,1
736,10694,1,1,1
739,10700,1,-4,-1
741,10702,1,-6,-1
746,10570,1,-11,-1
748,10588,1,-11,-1
751,10676,1,-11,-1
752,10475,1,-12,-1
757,10644,1,-13,-1
762,10717,1,-5,1
763,10119,1,-14,-1
765,10120,1,-14,-1
766,10135,1,-14,-1
772,10706,1,0,1
774,10711,1,3,1
775,10732,1,5,1
776,10729,1,6,1
780,10741,1,6,1
781,10653,1,9,1
782,10642,1,11,1
783,10651,1,11,1
793,10760,1,10,-1
794,10752,1,5,-1
796,10668,1,11,1
797,10745,1,-2,-1
801,10747,1,11,1
804,10766,1,-6,-1
809,10746,1,-7,-1
810,10768,1,-9,-1
814,10771,1,-5,1
816,10783,1,-2,1
817,10775,1,10,1
820,10288,1,-14,-1
826,10790,1,-10,-1
830,10424,1,-14,-1
834,10674,1,-14,-1
837,10803,1,-13,-1
838,114,1,-15,-1
839,116,1,-15,-1
844,10811,1,-13,-1
845,10796,1,-10,1
847,10152,1,-15,-1
848,10180,1,-15,-1
850,10789,1,-7,1
852,10399,1,-15,-1
856,10421,1,-15,-1
859,10792,1,-6,1
861,10828,1,-5,1
868,10835,1,2,-1
871,10833,1,-2,-1
872,10831,1,3,1
876,10723,1,-15,-1
881,10842,1,-8,1
882,10845,1,2,1
886,10851,1,-3,-1
887,10841,1,5,1
891,10848,1,-12,-1
892,134,1,-17,-1
894,10861,1,-6,-1
896,136,1,-17,-1
898,10865,1,-12,-1
900,10268,1,-17,-1
903,10392,1,-17,-1
905,10758,1,-17,-1
907,10869,1,-9,1
911,10847,1,-17,-1
912,146,1,-18,-1
915,10881,1,-13,1
918,10459,1,-18,-1
919,10874,1,-8,1
922,10507,1,-18,-1
923,10017,1,-19,-1
925,10888,1,-7,1
926,10060,1,-19,-1
930,10867,1,-6,1
935,10197,1,-19,-1
938,10902,1,-13,1
943,10249,1,-19,-1
944,10722,1,-19,-1
945,10899,1,-10,1
948,10876,1,-3,1
949,10904,1,-2,1
950,10735,1,-19,-1
952,10858,1,-1,1
953,9997,1,-20,-1
954,10907,1,0,1
959,10923,1,1,-1
960,10925,1,1,-1
964,10931,1,-18,1
965,10166,1,-20,-1
966,10929,1,-9,1
967,10221,1,-20,-1
969,10936,1,-2,1
972,10938,1,-1,-1
973,10914,1,3,1
974,10243,1,-20,-1
976,10255,1,-20,-1
978,10656,1,-20,-1
979,10795,1,-20,-1
989,10773,1,-21,-1
993,10949,1,-20,1
994,10830,1,-21,-1
997,10791,1,-22,-1
1001,10804,1,-22,-1
1004,10910,1,-22,-1
1005,192,1,-23,-1
1006,194,1,-23,-1
1009,10950,1,-20,1
1011,196,1,-23,-1
1012,10691,1,-23,-1
1014,10781,1,-23,-1
1019,10819,1,-23,-1
1023,10959,1,-20,1
1037,10736,1,-24,-1
1042,11007,1,-20,1
1044,10837,1,-24,-1
1045,10990,1,-19,1
1049,11006,1,-19,1
1051,11001,1,-16,1
1052,10943,1,-12,1
1054,10953,1,-12,1
1056,10994,1,-10,1
1066,11032,1,-16,1
1067,10988,1,-9,1
1072,11029,1,-8,1
1078,11037,1,-11,-1
1082,11041,1,-19,-1
1083,11036,1,-8,1
1087,11052,1,-16,-1
1092,10892,1,-24,-1
1094,214,1,-25,-1
1096,216,1,-25,-1
1098,10909,1,-25,-1
1100,11063,1,-24,1
1104,11071,1,-22,-1
1106,11069,1,-18,1
1107,10779,1,-26,-1
1109,11057,1,-10,1
1115,11079,1,-18,1
1117,11084,1,-13,-1
1120,10799,1,-26,-1
1121,11028,1,-26,-1
1127,10655,1,-27,-1
1134,11096,1,-22,-1
1136,10984,1,-27,-1
1138,11092,1,-16,1
1140,11107,1,-22,-1
1141,11056,1,-27,-1
1144,11097,1,-8,1
1149,11114,1,-22,-1
1151,244,1,-28,-1
1154,11118,1,-25,1
1164,11126,1,-24,1
1165,11115,1,-17,1
1166,11124,1,-9,1
1168,11125,1,-25,-1
1174,246,1,-28,-1
1176,11138,1,-23,1
1180,10647,1,-28,-1
1181,11146,1,-13,1
1183,254,1,-29,-1
1186,256,1,-29,-1
1193,11159,1,-21,1
1196,11163,1,-21,1
1199,10739,1,-29,-1
1200,11128,1,-29,-1
1215,11174,1,-22,-1
1217,11150,1,-20,1
1218,11181,1,-20,1
1222,11187,1,-19,1
1226,262,1,-30,-1
1230,264,1,-30,-1
1232,11193,1,-27,1
1234,266,1,-30,-1
1235,10814,1,-30,-1
1245,11201,1,-25,1
1248,11215,1,-27,-1
1250,10908,1,-30,-1
1252,11208,1,-25,1
1254,11197,1,-18,1
1255,10963,1,-30,-1
1259,11225,1,-18,-1
1266,11228,1,-25,-1
1271,11229,1,-19,1
1273,11226,1,-17,1
1275,11242,1,-25,1
1277,11175,1,-30,-1
1279,11179,1,-30,-1
1281,11221,1,-16,1
1292,11256,1,-29,1
1293,11204,1,-30,-1
1297,11253,1,-30,-1
1304,11259,1,-30,-1
1306,276,1,-31,-1
1309,11257,1,-28,1
1311,11278,1,-29,-1
1317,11255,1,-20,1
1318,11282,1,-22,-1
1321,10896,1,-31,-1
1324,11290,1,-29,-1
1326,11271,1,-19,1
1328,11206,1,-15,1
1330,11047,1,-31,-1
1337,11100,1,-31,-1
1346,11184,1,-31,-1
1350,11316,1,-29,-1
1359,11302,1,-28,1
1360,284,1,-32,-1
1363,11306,1,-27,1
1365,11313,1,-25,1
1370,286,1,-32,-1
1372,10142,1,-32,-1
1374,11301,1,-23,1
1375,11341,1,-30,-1
1380,10872,1,-32,-1
1383,11344,1,-27,1
1385,11094,1,-32,-1
1387,11111,1,-32,-1
1396,11329,1,-23,1
1399,11358,1,-27,-1
1400,11326,1,-19,1
1403,11361,1,-30,-1
1407,11369,1,-31,-1
1409,11376,1,-27,-1
1411,11166,1,-32,-1
1414,11349,1,-16,1
1416,11235,1,-15,1
1419,11380,1,-15,1
1422,11383,1,-23,-1
1425,11303,1,-14,1
1426,11336,1,-14,1
1427,11392,1,-15,-1
1430,11300,1,-13,1
1433,11399,1,-19,1
1438,11381,1,-24,-1
1443,11405,1,-26,-1
1445,11402,1,-29,-1
1448,11400,1,-16,1
1451,11189,1,-32,-1
1452,11370,1,-32,-1
1454,11418,1,-28,1
1455,11021,1,-33,-1
1460,11424,1,-19,-1
1461,11417,1,-17,1
1463,11430,1,-23,1
1464,11415,1,-16,1
1468,11061,1,-33,-1
1469,11304,1,-13,1
1472,11438,1,-15,-1
1473,11378,1,-13,1
1477,11443,1,-14,1
1478,11442,1,-32,-1
1479,11434,1,-13,1
1481,11267,1,-12,1
1483,11210,1,-11,1
1485,11450,1,-20,-1
1487,11404,1,-11,1
1491,11456,1,-30,1
1492,11291,1,-10,1
1495,11462,1,-23,-1
1500,11330,1,-8,1
1501,11464,1,-18,-1
1504,11470,1,-25,1
1506,11452,1,-31,-1
1507,11408,1,-8,1
1508,10966,1,-7,1
1510,11477,1,-26,-1
1511,11081,1,-7,1
1520,11480,1,-31,1
1523,11482,1,-25,1
1527,11212,1,-33,-1
1529,11250,1,-33,-1
1531,11498,1,-31,1
1533,11412,1,-33,-1
1535,11481,1,-33,-1
1536,302,1,-34,-1
1537,304,1,-34,-1
1538,11485,1,-21,1
1545,306,1,-34,-1
1549,11516,1,-22,-1
1551,11518,1,-26,-1
1555,11487,1,-20,1
1556,11500,1,-15,1
1561,11526,1,-16,1
1565,11521,1,-14,1
1566,11143,1,-7,1
1568,11532,1,-18,-1
1571,11310,1,-7,1
1572,11538,1,-16,-1
1575,11339,1,-7,1
1576,11345,1,-7,1
1578,11490,1,-7,1
1579,11493,1,-7,1
1585,11550,1,-13,-1
1591,11554,1,-9,1
1592,11557,1,-17,-1
1593,11496,1,-7,1
1594,11531,1,-7,1
1597,11000,1,-6,1
1599,11137,1,-6,1
1600,11219,1,-6,1
1602,11564,1,-11,-1
1613,11577,1,-10,-1
1614,11571,1,-8,1
1615,11397,1,-6,1
1616,11580,1,-12,-1
1620,11528,1,-19,-1
1621,11549,1,-20,-1
1622,11586,1,-20,-1
1623,11585,1,-25,-1
1624,11556,1,-26,-1
1626,11593,1,-8,1
1629,11515,1,-28,-1
1630,11086,1,-5,1
1632,11566,1,-29,-1
1639,11596,1,-32,-1
1646,11606,1,-32,-1
1648,11129,1,-34,-1
1650,11617,1,-25,-1
1653,11620,1,-31,1
1654,11599,1,-24,1
1660,11626,1,-26,-1
1661,11625,1,-33,-1
1666,11520,1,-34,-1
1671,11636,1,-29,1
1672,11576,1,-34,-1
1679,11632,1,-34,-1
1680,11638,1,-27,1
1681,11135,1,-35,-1
1684,11182,1,-35,-1
1685,11205,1,-35,-1
1686,11297,1,-35,-1
1692,11359,1,-35,-1
1695,11409,1,-35,-1
1696,11541,1,-35,-1
1704,11548,1,-35,-1
1707,11643,1,-35,-1
1709,11287,1,-36,-1
1711,11661,1,-34,1
1712,11674,1,-31,1
1713,11435,1,-36,-1
1714,11668,1,-30,1
1715,11609,1,-24,1
1717,11444,1,-36,-1
1718,11558,1,-36,-1
1720,11254,1,-37,-1
1721,11645,1,-24,1
1723,11690,1,-30,-1
1724,10878,1,-38,-1
1725,10952,1,-38,-1
1726,11635,1,-21,1
1727,11673,1,-18,1
1728,11658,1,-17,1
1729,11018,1,-38,-1
1731,11116,1,-38,-1
1733,11605,1,-15,1
1735,11641,1,-14,1
1738,11644,1,-13,1
1739,11651,1,-11,1
1743,11655,1,-11,1
1746,11705,1,-14,-1
1747,11702,1,-16,-1
1748,11704,1,-16,-1
1750,11698,1,-10,1
1752,11646,1,-9,1
1757,11709,1,-8,1
1759,11615,1,-7,1
1760,11717,1,-14,-1
1762,11708,1,-6,1
1766,11722,1,-17,-1
1767,11158,1,-5,1
1771,11736,1,-13,-1
1777,11732,1,-20,-1
1779,11207,1,-5,1
1786,11751,1,-14,-1
1788,11746,1,-16,-1
1789,11749,1,-10,1
1790,11738,1,-23,-1
1795,11752,1,-9,1
1796,11750,1,-7,1
1801,11269,1,-5,1
1804,11284,1,-5,1
1810,11766,1,-6,-1
1812,11774,1,-9,-1
1813,11760,1,-15,-1
1816,11782,1,-21,1
1817,11656,1,-5,1
1820,11742,1,-5,1
1821,11776,1,-5,1
1823,11790,1,-23,1
1826,11713,1,-24,-1
1830,11765,1,-26,-1
1831,11797,1,-23,1
1836,11800,1,-24,-1
1837,11723,1,-29,-1
1841,11733,1,-30,-1
1843,11792,1,-19,1
1844,11803,1,-19,1
1845,11793,1,-30,-1
1846,11768,1,-31,-1
1847,11724,1,-34,-1
1848,11710,1,-35,-1
1849,11802,1,-16,1
1854,11819,1,-31,-1
1855,11818,1,-22,1
1856,11808,1,-7,1
1859,11787,1,-5,1
1862,11825,1,-12,-1
1867,11826,1,-20,-1
1869,11831,1,-15,1
1875,11829,1,-21,-1
1880,11844,1,-27,-1
1881,11838,1,-20,1
1885,11828,1,-28,-1
1886,11847,1,-19,1
1892,11842,1,-31,-1
1893,11859,1,-22,1
1897,11864,1,-29,1
1898,11858,1,-35,-1
1900,11863,1,-17,1
1903,11867,1,-20,-1
1905,11870,1,-22,-1
1906,11862,1,-36,-1
1907,11820,1,-37,-1
1908,11821,1,-37,-1
1910,11856,1,-16,1
1911,11872,1,-37,-1
1915,11846,1,-15,1
1917,11884,1,-13,1
1918,11857,1,-12,1
1919,11850,1,-11,1
1922,11832,1,-8,1
1923,11888,1,-28,-1
1925,11880,1,-29,-1
1926,11461,1,-38,-1
1927,11881,1,-8,1
1929,11855,1,-7,1
1931,11851,1,-6,1
1935,11902,1,-15,-1
1936,11889,1,-6,1
1941,11901,1,-18,-1
1946,11908,1,-13,1
1949,11896,1,-21,-1
1952,11906,1,-9,1
1956,11922,1,-20,1
1958,11907,1,-6,1
1960,11836,1,-5,1
1965,11869,1,-5,1
1973,11931,1,-8,-1
1974,11938,1,-5,1
1976,11275,1,-4,1
1982,11932,1,-11,-1
1983,11949,1,-6,1
1984,11388,1,-4,1
1987,11953,1,-15,-1
1989,11779,1,-4,1
1994,11956,1,-9,-1
1997,11964,1,-12,1
1999,11929,1,-19,-1
2003,11911,1,-23,-1
2004,11968,1,-12,1
2005,11937,1,-23,-1
2006,11939,1,-4,1
2011,11975,1,-13,-1
2012,11919,1,-28,-1
2013,11921,1,-29,-1
2014,11946,1,-29,-1
2016,11983,1,-11,-1
2017,11977,1,-7,1
2018,11522,1,-3,1
2020,11961,1,-32,-1
2025,11987,1,-10,1
2026,11991,1,-31,-1
2028,11995,1,-18,-1
2031,11935,1,-34,-1
2032,11997,1,-20,1
2034,11998,1,-14,1
2038,11990,1,-6,1
2046,12007,1,-18,1
2047,12013,1,-6,1
2050,12005,1,-23,-1
2051,12001,1,-29,-1
2053,12010,1,-29,-1
2054,11912,1,-35,-1
2055,12016,1,-20,1
2057,12024,1,-26,-1
2060,12026,1,-31,1
2061,12004,1,-35,-1
2064,12030,1,-23,1
2065,12020,1,-5,1
2067,12034,1,-6,1
2068,11918,1,-36,-1
2070,12037,1,-21,-1
2075,12027,1,-5,1
2076,11611,1,-3,1
2077,11762,1,-3,1
2081,12047,1,-8,1
2083,12046,1,-5,1
2084,12041,1,-17,-1
2085,11900,1,-3,1
2088,12055,1,-11,1
2091,12039,1,-20,-1
2092,12057,1,-19,1
2093,12058,1,-27,-1
2095,11925,1,-3,1
2098,11976,1,-3,1
2101,11587,1,-2,1
2102,12068,1,-3,-1
2103,11744,1,-2,1
2107,12064,1,-2,1
2110,12074,1,-3,-1
2112,12062,1,-7,-1
2116,12083,1,-15,1
2118,12082,1,-21,-1
2122,12081,1,-4,1
2125,12088,1,-8,-1
2129,12095,1,-10,-1
2130,12087,1,-2,1
2136,12101,1,-16,-1
2139,12089,1,-18,-1
2140,12102,1,-12,1
2141,12106,1,-9,1
2142,12077,1,-23,-1
2149,12100,1,-25,-1
2151,12085,1,-28,-1
2152,12118,1,-20,1
2154,12121,1,-27,-1
2155,12096,1,-28,-1
2156,12042,1,-29,-1
2157,12050,1,-29,-1
2158,12113,1,-14,1
2159,12111,1,-13,1
2161,12114,1,-30,-1
2166,12040,1,-32,-1
2167,12128,1,-24,1
2169,12091,1,-2,1
2172,12139,1,-6,-1
2178,12143,1,-3,-1
2186,12152,1,-5,-1
2188,11905,1,-1,1
2189,12136,1,-7,-1
2191,12144,1,-9,-1
2201,12167,1,-6,-1
2204,12163,1,-4,1
2206,12011,1,-1,1
2209,11574,1,0,1
2219,12175,1,-7,-1
2220,12173,1,-8,-1
2221,12180,1,-6,1
2226,11806,1,0,1
2227,12017,1,0,1
2228,12181,1,-8,-1
2236,12198,1,-14,1
2237,12160,1,-15,-1
2238,12203,1,-22,-1
2239,12171,1,-23,-1
2241,12208,1,-7,1
2244,12210,1,-3,-1
2245,11719,1,1,1
2246,12211,1,-13,-1
2248,11936,1,1,1
2251,12217,1,-14,1
2260,12222,1,-21,1
2261,12112,1,1,1
2262,11786,1,2,1
2264,11940,1,2,1
2266,12233,1,-17,1
2267,12183,1,-23,-1
2272,12186,1,2,1
2275,12242,1,-10,1
2278,12237,1,-11,-1
2279,12238,1,-13,-1
2280,12245,1,-22,-1
2283,12197,1,-23,-1
2286,12252,1,-20,1
2289,12165,1,-25,-1
2293,12253,1,-13,1
2297,12260,1,-17,-1
2299,12262,1,-10,1
2301,12250,1,-6,1
2306,12271,1,-8,1
2308,12275,1,-2,1
2311,12272,1,-10,-1
2313,12277,1,-4,1
2316,12282,1,-4,-1
2317,12244,1,1,1
2318,12273,1,-10,-1
2322,12287,1,-6,-1
2328,12289,1,-3,1
2332,12291,1,-7,-1
2336,12297,1,-4,1
2337,12301,1,-5,-1
2338,12294,1,-9,-1
2339,12302,1,-1,1
2340,12266,1,-11,-1
2341,12288,1,1,1
2347,12310,1,-3,-1
2348,12268,1,-16,-1
2351,12318,1,-9,1
2353,12280,1,-16,-1
2354,12298,1,-20,-1
2355,12231,1,2,1
2357,12320,1,-20,-1
2367,12330,1,-21,1
2368,12249,1,-25,-1
2369,12333,1,-18,1
2370,12259,1,-27,-1
2373,12293,1,-27,-1
2374,12255,1,-28,-1
2378,12303,1,-28,-1
2381,12221,1,-29,-1
2382,12344,1,-25,1
2384,12339,1,-31,-1
2387,12065,1,-32,-1
2388,12354,1,-28,1
2389,12351,1,-22,1
2391,12105,1,-32,-1
2395,12360,1,-30,1
2403,12366,1,-18,-1
2404,12367,1,-25,-1
2405,12358,1,-33,-1
2406,12130,1,-36,-1
2410,12375,1,-24,1
2426,12379,1,-25,-1
2431,12380,1,-24,1
2433,12384,1,-21,1
2437,12382,1,-31,-1
2439,12406,1,-27,1
2440,12398,1,-21,1
2441,12397,1,-35,-1
2442,12391,1,-36,-1
2443,12402,1,-20,1
2445,11801,1,-38,-1
2451,12418,1,-21,-1
2452,12415,1,-30,-1
2453,12414,1,-33,-1
2454,12332,1,-17,1
2457,12423,1,-20,1
2462,12427,1,-28,1
2464,12431,1,-21,-1
2466,12424,1,-29,-1
2474,12417,1,-34,-1
2477,11989,1,-38,-1
2478,12225,1,-38,-1
2479,11307,1,-39,-1
2480,12435,1,-19,1
2482,12370,1,-14,1
2484,12441,1,-14,1
2488,11403,1,-39,-1
2492,12454,1,-36,1
2493,11796,1,-39,-1
2495,12462,1,-37,-1
2497,12453,1,-25,1
2503,11833,1,-39,-1
2505,12009,1,-39,-1
2507,12386,1,-39,-1
2508,12466,1,-27,1
2511,12477,1,-20,1
2512,12464,1,-18,1
2514,12469,1,-15,1
2518,12329,1,-13,1
2520,12481,1,-23,-1
2522,12403,1,-13,1
2523,12485,1,-23,-1
2528,12495,1,-20,-1
2531,12484,1,-26,-1
2537,12500,1,-32,-1
2538,12478,1,-34,-1
2540,11103,1,-40,-1
2541,11141,1,-40,-1
2542,12507,1,-30,1
2548,12511,1,-26,-1
2549,12514,1,-28,-1
2550,11152,1,-40,-1
2563,12526,1,-28,-1
2564,12502,1,-23,1
2565,12528,1,-20,1
2568,12519,1,-29,-1
2573,12535,1,-18,1
2576,12521,1,-31,-1
2578,12543,1,-30,1
2579,12524,1,-32,-1
2580,12493,1,-17,1
2586,12550,1,-26,1
2587,12549,1,-29,-1
2592,12525,1,-35,-1
2593,12557,1,-34,1
2595,12497,1,-16,1
2597,12498,1,-16,1
2600,12566,1,-25,-1
2602,12258,1,-41,-1
2603,12437,1,-41,-1
2606,12567,1,-16,1
2609,12513,1,-15,1
2610,12572,1,-31,-1
2612,12576,1,-32,-1
2613,12520,1,-14,1
2616,12575,1,-35,-1
2619,12585,1,-36,1
2621,12583,1,-20,1
2624,12573,1,-37,-1
2626,12593,1,-29,1
2627,12582,1,-38,-1
2628,12591,1,-25,1
2636,12534,1,-14,1
2637,12597,1,-17,-1
2639,12603,1,-24,-1
2645,12610,1,-29,1
2646,12608,1,-34,-1
2649,12612,1,-17,1
2650,12340,1,-12,1
2657,12470,1,-11,1
2659,12501,1,-11,1
2661,12626,1,-21,-1
2663,12630,1,-19,1
2666,12611,1,-11,1
2668,12426,1,-10,1
2669,12558,1,-10,1
2670,12615,1,-24,-1
2673,12639,1,-17,-1
2677,12559,1,-10,1
2679,12646,1,-16,1
2680,12365,1,-9,1
2684,12650,1,-10,1
2688,12654,1,-16,1
2689,12649,1,-20,-1
2691,12621,1,-25,-1
2692,12383,1,-9,1
2693,12416,1,-9,1
2699,12665,1,-24,-1
2703,12668,1,-21,-1
2705,12616,1,-27,-1
2707,12642,1,-27,-1
2712,12676,1,-21,-1
2713,12635,1,-30,-1
2718,12685,1,-28,1
2722,12682,1,-29,-1
2723,12689,1,-21,1
2724,12670,1,-19,1
2725,12678,1,-30,-1
2729,12695,1,-26,-1
2730,12696,1,-22,1
2731,12643,1,-33,-1
2735,12700,1,-26,-1
2737,12704,1,-18,1
2740,12683,1,-16,1
2742,12669,1,-10,1
2743,12494,1,-9,1
2747,12714,1,-23,-1
2748,12713,1,-13,1
2751,12717,1,-20,-1
2756,12707,1,-27,-1
2760,12701,1,-32,-1
2767,12730,1,-31,-1
2771,12709,1,-32,-1
2772,12644,1,-33,-1
2777,12741,1,-30,-1
2787,12750,1,-30,-1
2792,12726,1,-29,1
2793,12759,1,-33,-1
2796,12738,1,-29,1
2798,12718,1,-34,-1
2800,12600,1,-36,-1
2805,12651,1,-36,-1
2811,12774,1,-34,1
2813,12677,1,-37,-1
2814,12778,1,-31,1
2817,12723,1,-37,-1
2818,12757,1,-37,-1
2825,12731,1,-27,1
2826,12758,1,-27,1
2828,12753,1,-20,1
2831,12797,1,-28,1
2832,12787,1,-30,-1
2835,12801,1,-32,-1
2836,12792,1,-37,-1
2839,12687,1,-38,-1
2842,12806,1,-37,1
2843,12783,1,-38,-1
2845,12720,1,-17,1
2846,12812,1,-23,-1
2847,12633,1,-39,-1
2848,12791,1,-14,1
2849,12640,1,-39,-1
2850,12756,1,-12,1
2851,12655,1,-9,1
2860,12825,1,-16,1
2862,12822,1,-25,-1
2865,12832,1,-28,-1
2866,12831,1,-35,-1
2867,12821,1,-10,1
2871,12666,1,-9,1
2878,12789,1,-9,1
2879,12836,1,-10,-1
2882,12820,1,-9,1
2883,12837,1,-23,-1
2884,12412,1,-8,1
2885,12848,1,-35,-1
2887,12826,1,-36,-1
2888,12854,1,-31,1
2889,12712,1,-39,-1
2891,12858,1,-12,1
2892,12653,1,-8,1
2893,12754,1,-39,-1
2895,12862,1,-18,1
2902,12598,1,-7,1
2916,12727,1,-7,1
2917,12881,1,-10,-1
2919,12539,1,-6,1
2924,12556,1,-6,1
2925,12867,1,-11,-1
2926,12877,1,-17,-1
2929,12888,1,-17,-1
2931,12896,1,-13,1
2932,12628,1,-6,1
2934,12765,1,-6,1
2937,12903,1,-9,1
2938,12523,1,-5,1
2939,12886,1,-19,-1
2940,12540,1,-5,1
2945,12385,1,-4,1
2947,12910,1,-5,-1
2951,12436,1,-4,1
2954,12916,1,-10,-1
2957,12440,1,-4,1
2958,12875,1,-4,1
2960,12599,1,-3,1
2961,12620,1,-3,1
2969,12936,1,-6,-1
2971,12927,1,-8,-1
2973,12924,1,-3,1
2974,12909,1,-11,-1
2980,12943,1,-12,1
2983,12950,1,-18,1
2984,12865,1,-23,-1
2986,12864,1,-24,-1
2990,12949,1,-16,1
2993,12959,1,-22,1
2994,12945,1,-25,-1
2996,12953,1,-15,1
2997,12955,1,-7,1
2998,12944,1,-4,1
2999,12940,1,-3,1
3003,12970,1,-11,1
3009,12973,1,-22,1
3010,12974,1,-11,1
3011,12963,1,-24,-1
3012,12866,1,-26,-1
3013,12914,1,-27,-1
3016,12679,1,-2,1
3018,12706,1,-2,1
3019,12882,1,-2,1
3020,12734,1,-1,1
3021,12983,1,-7,-1
3024,12840,1,-1,1
3034,12982,1,-11,-1
3035,12998,1,-14,-1
3038,13004,1,-17,-1
3041,13005,1,-13,1
3043,12991,1,-26,-1
3044,13008,1,-27,-1
3045,13010,1,-25,1
3046,12920,1,-28,-1
3048,12999,1,-10,1
3049,13015,1,-27,-1
3050,13007,1,-7,1
3051,12872,1,-29,-1
3053,13020,1,-14,-1
3059,13022,1,-4,-1
3063,13025,1,-9,-1
3064,12845,1,-1,1
3067,12878,1,-1,1
3075,13036,1,-10,-1
3078,12662,1,0,1
3083,13044,1,-8,-1
3089,13054,1,-8,1
3090,13039,1,-10,-1
3093,13028,1,0,1
3096,13029,1,0,1
3097,13062,1,-7,-1
3100,13056,1,-14,-1
3101,13024,1,-16,-1
3108,13066,1,-13,1
3109,13053,1,-16,-1
3110,13071,1,-16,-1
3111,12901,1,1,1
3114,13081,1,-7,1
3116,13042,1,-18,-1
3119,13085,1,-2,-1
3123,13083,1,-1,1
3124,13090,1,-3,-1
3127,12975,1,1,1
3131,13094,1,-3,-1
3132,13089,1,-8,-1
3134,13086,1,-15,-1
3135,13070,1,-19,-1
3137,12993,1,1,1
3142,12829,1,2,1
3143,13109,1,-2,-1
3147,13114,1,-3,-1
3149,13113,1,-1,1
3150,12921,1,2,1
3154,12094,1,3,1
3157,12162,1,3,1
3158,12200,1,3,1
3159,13104,1,-7,-1
3160,13112,1,-10,-1
3161,12619,1,3,1
3163,12868,1,3,1
3164,13106,1,-16,-1
3166,13080,1,3,1
3173,13136,1,-3,-1
3174,13116,1,-19,-1
3176,13135,1,2,1
3182,13130,1,3,1
3184,13151,1,-1,1
3191,13158,1,3,1
3192,12178,1,4,1
3193,12256,1,4,1
3194,13153,1,-10,-1
3197,13145,1,-11,-1
3198,12317,1,4,1
3199,12895,1,4,1
3202,13164,1,-11,-1
3203,13169,1,-2,1
3205,13148,1,-13,-1
3206,13172,1,-12,1
3207,13157,1,4,1
3213,13178,1,-8,-1
3214,13177,1,3,1
3215,13180,1,4,1
3217,13156,1,5,1
3218,12601,1,6,1
3220,13176,1,-9,-1
3223,12879,1,6,1
3226,13189,1,4,-1
3245,13200,1,5,-1
3248,13197,1,4,-1
3249,13203,1,-3,-1
3251,13204,1,-7,-1
3257,12932,1,6,1
3258,13221,1,-3,-1
3259,12969,1,6,1
3262,12972,1,6,1
3265,13231,1,4,1
3268,13234,1,4,1
3272,13235,1,2,-1
3273,12166,1,7,1
3279,13244,1,6,-1
3281,12182,1,7,1
3282,13224,1,-3,-1
3284,13205,1,-8,-1
3287,13253,1,-4,1
3288,12227,1,7,1
3289,13248,1,-10,-1
3291,13251,1,-10,-1
3294,13201,1,-11,-1
3295,13258,1,-9,1
3296,13260,1,-6,1
3299,13266,1,3,-1
3300,13155,1,7,1
3301,13261,1,7,1
3303,13202,1,-16,-1
3308,13272,1,-3,-1
3313,13274,1,-15,-1
3314,13278,1,-16,-1
3319,13270,1,-2,1
3322,13284,1,-5,-1
3325,13286,1,-5,-1
3327,13279,1,1,1
3329,13296,1,-1,-1
3330,13283,1,-16,-1
3332,13291,1,2,1
3334,13301,1,0,-1
3336,13280,1,3,1
3349,13316,1,-15,-1
3353,13314,1,-9,1
3354,13305,1,-4,1
3355,13318,1,-10,-1
3356,13312,1,-2,1
3357,13285,1,-16,-1
3359,13320,1,-17,-1
3363,13315,1,0,1
3368,13335,1,5,1
3369,13329,1,-2,-1
3370,11834,1,8,1
3371,12099,1,8,1
3372,13328,1,-8,-1
3373,13332,1,-13,-1
3374,13184,1,-18,-1
3376,12871,1,8,1
3380,13345,1,-1,-1
3381,13196,1,-18,-1
3386,13352,1,4,1
3388,13353,1,2,-1
3390,13239,1,-19,-1
3394,13093,1,-20,-1
3403,13097,1,-20,-1
3404,13357,1,-17,1
3405,13364,1,-12,1
3406,13120,1,-20,-1
3409,13361,1,-5,1
3410,13369,1,0,1
3411,13347,1,-20,-1
3414,13368,1,4,1
3417,13383,1,3,-1
3418,13346,1,5,1
3419,13384,1,7,1
3420,13146,1,8,1
3423,13195,1,8,1
3431,13397,1,0,-1
3433,12264,1,9,1
3440,13389,1,-1,-1
3444,13059,1,9,1
3446,13411,1,6,-1
3449,13403,1,-1,-1
3450,13416,1,-2,-1
3452,13072,1,9,1
3454,13421,1,7,-1
3456,13223,1,9,1
3457,13380,1,-3,-1
3460,13292,1,9,1
3464,13426,1,-3,-1
3468,13434,1,6,1
3469,13303,1,9,1
3470,13343,1,9,1
3472,13430,1,-3,-1
3475,13407,1,9,1
3478,13429,1,9,1
3483,13333,1,10,1
3484,13410,1,10,1
3485,12368,1,11,1
3488,12898,1,11,1
3489,12918,1,11,1
3492,13458,1,8,-1
3493,12997,1,11,1
3494,13139,1,11,1
3495,13441,1,7,-1
3498,13326,1,11,1
3499,13464,1,1,-1
3500,13431,1,-4,-1
3503,13330,1,11,1
3505,13398,1,11,1
3507,12912,1,12,1
3511,13469,1,9,-1
3512,13265,1,12,1
3518,13470,1,4,-1
3519,13474,1,-7,-1
3520,13481,1,-7,-1
3521,13423,1,-12,-1
3522,13483,1,-14,-1
3530,13406,1,-15,-1
3531,13491,1,-8,1
3535,13502,1,-2,-1
3536,13492,1,-1,1
3537,13501,1,-10,-1
3538,13495,1,5,1
3540,13507,1,-13,-1
3543,13509,1,4,-1
3544,13459,1,-15,-1
3545,13510,1,10,1
3546,13482,1,-15,-1
3552,13306,1,12,1
3559,13516,1,-10,-1
3561,13523,1,-7,1
3564,13392,1,-16,-1
3567,13534,1,-9,-1
3572,13536,1,-8,-1
3575,13530,1,-4,1
3576,13522,1,-3,1
3580,13500,1,-16,-1
3581,13444,1,-19,-1
3589,13550,1,-19,-1
3592,13539,1,-20,-1
3595,13067,1,-21,-1
3597,13564,1,-19,1
3602,13107,1,-21,-1
3603,13154,1,-21,-1
3604,13308,1,-21,-1
3605,13359,1,-21,-1
3610,13553,1,-16,1
3614,13566,1,-15,1
3616,13367,1,-21,-1
3617,13376,1,-21,-1
3618,13559,1,-13,1
3619,13575,1,-12,1
3626,13590,1,-10,-1
3628,13545,1,-9,1
3629,13404,1,-21,-1
3630,13528,1,-21,-1
3636,13600,1,-20,-1
3638,13541,1,-21,-1
3639,13124,1,-22,-1
3640,13140,1,-22,-1
3641,13602,1,-13,1
3643,13525,1,-1,1
3644,13610,1,-21,-1
3645,13591,1,0,1
3646,13569,1,2,1
3648,13275,1,-22,-1
3650,13277,1,-22,-1
3651,13617,1,-12,1
3653,13620,1,-19,-1
3657,13624,1,-11,-1
3662,13574,1,3,1
3663,13629,1,-11,-1
3664,13626,1,-12,-1
3671,13633,1,-14,1
3672,13355,1,-22,-1
3673,13494,1,-22,-1
3676,13634,1,-12,1
3678,13636,1,-2,1
3679,13635,1,0,1
3680,13645,1,-13,-1
3681,13642,1,2,1
3682,13603,1,3,1
3695,13651,1,-10,1
3696,13662,1,-5,1
3698,13653,1,-3,1
3699,13661,1,-11,-1
3700,13622,1,4,1
3701,13561,1,-22,-1
3710,13670,1,2,-1
3711,13577,1,5,1
3712,13599,1,6,1
3716,13675,1,-1,-1
3717,13671,1,-6,-1
3718,13654,1,6,1
3719,13567,1,-22,-1
3720,13580,1,7,1
3732,13691,1,-15,1
3734,13698,1,-10,1
3735,13699,1,-21,-1
3736,13683,1,-22,-1
3739,13133,1,-23,-1
3740,13243,1,-23,-1
3741,13706,1,-13,1
3743,13363,1,-23,-1
3744,13689,1,1,1
3745,13547,1,-23,-1
3746,13601,1,7,1
3751,13623,1,7,1
3752,13715,1,5,-1
3753,13576,1,-23,-1
3758,13725,1,-1,1
3760,13701,1,9,1
3765,13730,1,8,-1
3768,13729,1,0,-1
3769,13724,1,-9,-1
3774,13741,1,5,1
3778,13734,1,8,1
3779,13743,1,5,-1
3781,13739,1,-3,-1
3783,13592,1,10,1
3785,13521,1,11,1
3792,13755,1,7,1
3794,13758,1,-1,-1
3795,13761,1,7,1
3799,13744,1,-6,-1
3804,13765,1,-1,1
3807,13769,1,7,1
3809,13766,1,10,1
3810,13674,1,11,1
3812,13779,1,-2,-1
3814,13748,1,11,1
3815,13757,1,-9,-1
3816,13738,1,-11,-1
3817,13723,1,-12,-1
3820,13682,1,12,1
3821,11947,1,13,1
3822,13786,1,10,-1
3823,13000,1,13,1
3829,13533,1,13,1
3830,13627,1,13,1
3831,13681,1,13,1
3832,13206,1,14,1
3835,13212,1,14,1
3836,13795,1,9,-1
3837,13787,1,5,-1
3839,13485,1,14,1
3840,13806,1,5,-1
3846,13812,1,-10,1
3850,13815,1,-4,1
3855,13817,1,-1,1
3859,13825,1,-3,1
3860,13824,1,-4,-1
3862,13829,1,-7,-1
3863,13819,1,-8,-1
3867,13834,1,4,1
3869,13832,1,-2,-1
3870,13811,1,-11,-1
3872,13839,1,-2,1
3880,13843,1,-6,1
3884,13851,1,-9,-1
3886,13774,1,-12,-1
3889,13850,1,-12,-1
3891,13853,1,-11,1
3892,13759,1,-13,-1
3898,13858,1,-11,1
3901,13849,1,-7,1
3903,13794,1,-13,-1
3904,13836,1,-14,-1
3905,13810,1,-15,-1
3917,13856,1,-1,1
3918,13842,1,2,1
3919,13862,1,3,1
3921,13888,1,1,1
3922,13881,1,-2,-1
3926,13874,1,-9,-1
3928,13877,1,-14,-1
3930,13793,1,-16,-1
3931,13895,1,-9,1
3932,13867,1,-16,-1
3934,13847,1,5,1
3937,13861,1,6,1
3941,13907,1,-1,1
3942,13904,1,-13,-1
3943,13903,1,8,1
3944,13526,1,14,1
3946,13913,1,-13,1
3947,13897,1,-16,-1
3951,13676,1,14,1
3954,13916,1,12,-1
3955,13400,1,15,1
3959,13497,1,15,1
3961,13770,1,15,1
3963,13918,1,15,1
3964,12190,1,16,1
3966,13933,1,13,-1
3969,13936,1,15,1
3973,13939,1,7,-1
3974,13940,1,10,1
3976,13433,1,16,1
3978,13465,1,16,1
3979,13756,1,16,1
3983,13925,1,6,-1
3985,13928,1,5,-1
3992,13950,1,7,1
3994,13920,1,4,-1
3997,13954,1,10,1
3999,13956,1,13,1
4001,13878,1,16,1
4002,13968,1,15,-1
4008,13971,1,8,1
4010,13977,1,14,1
4011,13952,1,3,-1
4017,13982,1,14,-1
4020,13880,1,16,1
4022,10724,1,17,1
4023,10770,1,17,1
4031,11934,1,17,1
4036,13405,1,17,1
4039,13731,1,17,1
4045,14011,1,12,1
4047,14010,1,14,1
4050,14008,1,6,-1
4052,14019,1,5,1
4053,13776,1,17,1
4058,13972,1,3,-1
4059,14022,1,9,1
4061,14023,1,14,1
4062,14024,1,17,1
4069,14033,1,12,1
4071,14035,1,16,1
4075,14038,1,14,-1
4076,14041,1,16,1
4082,14047,1,15,1
4090,14054,1,15,1
4093,14060,1,15,1
4099,14059,1,17,1
4104,13826,1,18,1
4109,14051,1,14,-1
4112,14053,1,4,-1
4117,14078,1,8,1
4122,13926,1,1,-1
4123,14081,1,8,1
4124,14083,1,11,1
4127,14036,1,1,-1
4128,14084,1,11,1
4130,14088,1,14,1
4133,14057,1,1,-1
4135,14102,1,4,1
4137,14104,1,15,1
4144,14111,1,6,1
4150,14106,1,8,1
4152,13948,1,0,-1
4154,14110,1,9,1
4156,14086,1,17,1
4161,14126,1,16,1
4163,14121,1,3,-1
4164,13963,1,0,-1
4168,14134,1,1,1
4169,14034,1,-1,-1
4172,14115,1,17,1
4178,14144,1,1,-1
4179,14046,1,-1,-1
4184,14145,1,4,1
4187,14142,1,-2,-1
4189,14149,1,6,1
4190,14141,1,9,1
4192,13959,1,18,1
4196,14162,1,9,-1
4199,14156,1,5,-1
4201,14159,1,1,-1
4204,14154,1,-2,-1
4205,13975,1,-3,-1
4208,14064,1,-4,-1
4209,14151,1,-5,-1
4211,14094,1,-6,-1
4212,14170,1,9,1
4213,14175,1,11,1
4220,14184,1,2,1
4225,14116,1,-6,-1
4230,14196,1,-1,1
4233,14192,1,0,1
4234,14199,1,3,1
4235,14190,1,8,1
4238,14163,1,14,1
4239,14205,1,12,-1
4240,13935,1,-7,-1
4249,14213,1,1,-1
4251,14215,1,4,1
4253,14220,1,-4,-1
4255,14210,1,7,1
4256,14209,1,-5,-1
4257,14222,1,-5,-1
4259,14226,1,2,-1
4264,14211,1,14,1
4265,14229,1,3,-1
4267,14228,1,2,-1
4268,14183,1,-7,-1
4269,14070,1,-8,-1
4274,14238,1,-7,-1
4278,14212,1,-8,-1
4279,14245,1,-7,1
4281,14214,1,-8,-1
4288,13998,1,-10,-1
4295,14243,1,-1,1
4296,14257,1,-2,-1
4298,14265,1,-7,1
4301,14165,1,-10,-1
4302,14240,1,0,1
4305,14197,1,-11,-1
4306,14268,1,-11,-1
4308,14189,1,-12,-1
4309,14063,1,-13,-1
4310,14275,1,-6,1
4311,14272,1,-5,1
4312,14239,1,4,1
4313,14259,1,4,1
4314,14267,1,5,1
4315,14204,1,-13,-1
4319,14234,1,6,1
4320,14284,1,-11,-1
4322,14262,1,-13,-1
4325,14289,1,-5,1
4326,14285,1,6,1
4329,14295,1,-3,1
4330,14286,1,-13,-1
4331,14292,1,-13,-1
4332,13961,1,-14,-1
4333,13891,1,-17,-1
4335,13957,1,-18,-1
4337,14261,1,9,1
4338,13973,1,-18,-1
4344,14308,1,2,1
4345,14310,1,2,1
4346,14307,1,-1,-1
4347,14309,1,8,1
4349,14171,1,-18,-1
4350,14191,1,-18,-1
4351,14316,1,7,1
4352,13906,1,-19,-1
4353,13964,1,-19,-1
4354,14108,1,-19,-1
4355,14260,1,12,1
4357,14324,1,-10,1
4359,14326,1,4,1
4361,14250,1,15,1
4362,14200,1,17,1
4367,14331,1,6,1
4368,14332,1,-2,-1
4373,14338,1,9,1
4379,14346,1,1,-1
4380,14344,1,0,-1
4386,14342,1,-4,-1
4387,14328,1,-7,-1
4388,14340,1,-10,-1
4389,14350,1,-13,-1
4390,14352,1,-1,1
4391,14302,1,-19,-1
4392,14255,1,-20,-1
4393,14304,1,-20,-1
4394,14353,1,-1,1
4395,14349,1,0,1
4396,14343,1,7,1
4400,14113,1,-21,-1
4401,14218,1,-21,-1
4404,14365,1,-20,1
4406,14371,1,-18,1
4411,14378,1,-15,1
4414,14291,1,-21,-1
4419,14383,1,-19,-1
4421,14296,1,-22,-1
4423,14384,1,-17,1
4424,14381,1,-16,1
4425,13718,1,-23,-1
4427,14385,1,-23,-1
4429,14394,1,-18,1
4431,14375,1,-12,1
4433,14398,1,-15,-1
4436,14396,1,-19,-1
4439,14402,1,-12,1
4441,14406,1,-23,-1
4446,14408,1,-22,1
4451,14380,1,-10,1
4453,14415,1,-4,1
4455,14366,1,-3,1
4456,14377,1,1,1
4458,14376,1,5,1
4461,14428,1,-2,-1
4462,14418,1,5,1
4464,14427,1,-6,-1
4465,14425,1,-9,-1
4466,14400,1,6,1
4467,14417,1,-14,-1
4468,14416,1,6,1
4470,14437,1,1,1
4472,14439,1,-10,1
4473,13652,1,-24,-1
4474,14185,1,18,1
4476,14128,1,19,1
4477,14339,1,19,1
4480,14443,1,1,-1
4481,13879,1,-24,-1
4484,14450,1,4,-1
4487,14453,1,-8,-1
4488,14403,1,-24,-1
4489,14454,1,3,1
4492,14458,1,-20,1
4496,14462,1,-18,1
4499,14461,1,-13,1
4502,14466,1,3,1
4505,13402,1,20,1
4508,14471,1,13,-1
4510,14477,1,16,1
4511,13518,1,20,1
4514,13781,1,20,1
4518,14475,1,10,-1
4520,14487,1,3,1
4522,14042,1,20,1
4524,14491,1,9,1
4525,14485,1,-4,-1
4526,14073,1,20,1
4528,14489,1,-4,-1
4529,14495,1,16,1
4531,14498,1,-2,-1
4532,14469,1,-12,-1
4536,14503,1,17,-1
4538,14253,1,20,1
4539,14501,1,13,-1
4540,13966,1,21,1
4543,14505,1,-1,-1
4546,14509,1,-5,-1
4547,14510,1,13,1
4549,14516,1,-17,1
4552,14465,1,-23,-1
4553,13299,1,-25,-1
4555,14518,1,-12,1
4562,13524,1,-25,-1
4564,14525,1,-24,1
4573,14526,1,-21,1
4575,14535,1,-21,1
4581,14527,1,-20,1
4584,14538,1,-17,1
4585,14539,1,-16,1
4586,14534,1,-23,-1
4588,14528,1,-14,1
4589,14551,1,-23,-1
4596,13673,1,-25,-1
4597,14544,1,-14,1
4598,13813,1,-25,-1
4603,14519,1,-12,1
4604,14568,1,-18,-1
4605,13876,1,-27,-1
4608,14244,1,-27,-1
4609,14420,1,-27,-1
4613,14574,1,-20,1
4616,14575,1,-27,-1
4617,14578,1,-16,1
4618,13366,1,-28,-1
4621,14588,1,-23,1
4624,14591,1,-18,1
4625,14583,1,-16,1
4626,14590,1,-23,-1
4627,13710,1,-28,-1
4628,14241,1,-29,-1
4629,14563,1,-12,1
4630,14550,1,-11,1
4631,14558,1,-8,1
4633,14600,1,-27,1
4634,14367,1,-29,-1
4635,14547,1,-5,1
4636,14580,1,-4,1
4640,14605,1,-18,1
4645,14609,1,-19,-1
4651,14615,1,-19,1
4653,14617,1,-16,1
4655,14607,1,-7,1
4659,14624,1,-12,1
4661,14614,1,-20,-1
4664,14622,1,-5,1
4666,14610,1,-21,-1
4670,14561,1,-3,1
4673,14546,1,-2,1
4674,14606,1,-1,1
4678,14643,1,-3,1
4679,14637,1,-1,1
4683,14635,1,-5,-1
4687,14650,1,-5,-1
4689,14653,1,0,1
4690,14567,1,2,1
4693,14639,1,-6,-1
4695,14662,1,0,-1
4697,14664,1,-2,1
4698,14616,1,2,1
4700,14648,1,-8,-1
4703,14582,1,3,1
4704,14670,1,-7,-1
4705,14611,1,3,1
4711,14676,1,1,1
4716,14630,1,3,1
4717,14675,1,-1,-1
4718,14678,1,-5,-1
4719,14562,1,4,1
4721,14570,1,5,1
4723,14674,1,-6,-1
4726,14693,1,0,1
4729,14680,1,-9,-1
4735,14700,1,-12,1
4736,14652,1,-13,-1
4739,14705,1,-15,-1
4742,14699,1,-16,-1
4743,14696,1,-3,1
4745,14709,1,-16,-1
4747,14656,1,-18,-1
4748,14659,1,-18,-1
4750,14717,1,-15,-1
4753,14698,1,-19,-1
4754,14708,1,-20,-1
4755,14719,1,-16,1
4756,14712,1,-10,1
4758,14725,1,-2,1
4759,14706,1,0,1
4760,14628,1,-22,-1
4764,14669,1,-23,-1
4767,14729,1,-20,1
4768,14734,1,-21,-1
4769,14733,1,-4,1
4770,14625,1,-24,-1
4771,14690,1,1,1
4773,14702,1,-28,-1
4776,14740,1,-18,1
4777,14649,1,5,1
4786,14714,1,-30,-1
4789,13589,1,-31,-1
4791,14748,1,-27,1
4794,14758,1,-23,1
4795,14252,1,-31,-1
4798,14750,1,-22,1
4801,14412,1,-31,-1
4804,14529,1,-31,-1
4805,14767,1,-26,1
4806,14746,1,-21,1
4807,14770,1,-18,1
4809,14776,1,-22,1
4811,14753,1,-13,1
4812,14560,1,-31,-1
4813,14760,1,-4,1
4814,13696,1,-32,-1
4816,14390,1,-32,-1
4823,14785,1,-18,-1
4824,14786,1,-19,-1
4834,14795,1,-26,-1
4839,14631,1,-32,-1
4840,14790,1,-32,-1
4842,13660,1,-33,-1
4844,14809,1,-31,1
4845,13695,1,-33,-1
4847,13846,1,-34,-1
4852,14803,1,-24,1
4853,14806,1,-22,1
4859,14818,1,-30,-1
4861,14824,1,-27,1
4863,14612,1,-34,-1
4870,14833,1,-30,1
4871,14837,1,-28,1
4872,14743,1,-34,-1
4877,14843,1,-30,-1
4878,14822,1,-26,1
4880,14789,1,-34,-1
4882,14825,1,-23,1
4889,14844,1,-21,1
4891,14798,1,-19,1
4895,14862,1,-21,-1
4896,14854,1,-32,-1
4898,14853,1,-33,-1
4900,14816,1,-19,1
4901,14841,1,-16,1
4903,14804,1,-34,-1
4906,14783,1,-15,1
4911,14860,1,-12,1
4913,14876,1,-13,-1
4914,14873,1,-16,-1
4915,14875,1,-30,-1
4916,14794,1,-9,1
4917,14872,1,-31,-1
4918,14836,1,-9,1
4919,14828,1,-34,-1
4920,14405,1,-35,-1
4921,14817,1,-35,-1
4923,14890,1,-9,-1
4925,14892,1,-13,1
4929,14895,1,-35,-1
4932,14749,1,-36,-1
4934,14788,1,-36,-1
4938,14830,1,-36,-1
4940,14894,1,-31,1
4943,14907,1,-29,1
4944,14877,1,-36,-1
4945,14799,1,-6,1
4947,14852,1,-6,1
4950,14858,1,-5,1
4951,14896,1,-5,1
4953,14917,1,-6,-1
4958,14922,1,-10,-1
4960,14914,1,-12,-1
4961,14920,1,-30,-1
4962,14923,1,-32,-1
4963,13595,1,-37,-1
4964,14870,1,-37,-1
4968,14916,1,-5,1
4972,14927,1,-3,1
4975,14942,1,-6,-1
4978,14945,1,-10,-1
4983,14949,1,-5,-1
4984,14933,1,-11,-1
4985,14764,1,-2,1
4988,14747,1,-1,1
4989,14938,1,0,1
4991,14925,1,1,1
4995,14960,1,-6,1
4998,14964,1,-10,-1
5004,14968,1,-5,-1
5011,14973,1,-3,-1
5014,14969,1,-6,-1
5016,14983,1,-10,-1
5017,14962,1,-1,1
5018,14939,1,4,1
5022,14950,1,4,1
5024,14954,1,-12,-1
5025,14978,1,-12,-1
5027,14994,1,2,1
5028,14787,1,5,1
5032,14997,1,-6,-1
5033,14618,1,6,1
5037,15004,1,-2,1
5043,15008,1,1,-1
5047,14878,1,6,1
5048,15007,1,-3,-1
5051,14934,1,6,1
5053,15020,1,-1,1
5058,15022,1,-2,-1
5062,15024,1,-1,1
5064,15002,1,-4,-1
5065,15025,1,4,1
5069,15013,1,-8,-1
5070,15035,1,-9,-1
5074,15034,1,0,1
5077,15044,1,0,-1
5086,15048,1,-4,-1
5088,15040,1,-10,-1
5089,15039,1,-11,-1
5092,15046,1,-11,-1
5095,15062,1,-10,-1
5099,15012,1,-12,-1
5100,14955,1,-13,-1
5104,15064,1,-10,1
5105,14988,1,-13,-1
5109,15074,1,-13,1
5111,14999,1,-14,-1
5112,15050,1,-14,-1
5115,15061,1,-14,-1
5117,15036,1,-15,-1
5120,14991,1,-16,-1
5121,15081,1,-17,-1
5128,15092,1,-12,-1
5130,15066,1,-9,1
5131,15090,1,-14,-1
5133,15076,1,-8,1
5134,14976,1,-18,-1
5135,15058,1,-20,-1
5136,15094,1,-6,1
5138,15105,1,-15,-1
5139,15097,1,-6,1
5141,15018,1,-21,-1
5142,15027,1,-21,-1
5143,15078,1,-3,1
5145,15095,1,-2,1
5147,15070,1,2,1
5156,15043,1,4,1
5159,15117,1,1,-1
5163,15087,1,4,1
5165,14975,1,6,1
5166,15128,1,-4,-1
5167,15114,1,-8,-1
5175,15136,1,-4,-1
5176,15137,1,-7,-1
5177,15051,1,6,1
5178,14965,1,7,1
5179,14989,1,8,1
5180,15122,1,-9,-1
5181,15112,1,-13,-1
5184,14569,1,9,1
5188,14626,1,9,1
5194,15153,1,7,-1
5196,15161,1,6,-1
5197,14948,1,9,1
5201,15129,1,9,1
5204,15168,1,5,-1
5207,15170,1,-4,-1
5209,15176,1,-2,-1
5211,15171,1,9,1
5216,15181,1,5,-1
5217,14640,1,10,1
5221,15150,1,-7,-1
5224,15180,1,-9,-1
5227,15182,1,-9,-1
5228,15193,1,-9,-1
5231,15163,1,-11,-1
5233,15197,1,-9,1
5239,15142,1,-13,-1
5241,15198,1,-9,1
5242,15139,1,-14,-1
5243,15126,1,-17,-1
5245,15208,1,-7,1
5247,15194,1,-3,1
5251,15216,1,-13,-1
5254,15220,1,-3,-1
5255,15217,1,-18,-1
5257,15118,1,-20,-1
5258,15151,1,-20,-1
5262,15224,1,-14,1
5263,15203,1,-20,-1
5266,15233,1,-14,1
5267,15227,1,-10,1
5268,15229,1,-6,1
5269,15232,1,-19,-1
5270,15049,1,-21,-1
5271,15187,1,-2,1
5272,15214,1,0,1
5273,15071,1,-21,-1
5277,15242,1,-15,-1
5278,15202,1,-21,-1
5279,15244,1,-6,1
5282,15248,1,2,-1
5283,15023,1,-22,-1
5285,15252,1,3,1
5292,15256,1,-14,-1
5299,15265,1,4,-1
5300,15243,1,5,1
5301,15261,1,2,-1
5304,15264,1,0,-1
5307,15274,1,-11,-1
5310,15273,1,-5,1
5314,15281,1,-4,1
5318,15258,1,7,1
5319,14720,1,10,1
5327,15291,1,9,-1
5333,15300,1,8,-1
5334,15290,1,5,-1
5339,14880,1,10,1
5344,15006,1,10,1
5345,15308,1,0,-1
5347,15132,1,10,1
5352,15285,1,-1,-1
5353,15289,1,-3,-1
5359,15298,1,-5,-1
5365,15329,1,-7,-1
5366,15330,1,3,1
5367,15306,1,-12,-1
5372,15336,1,-4,-1
5373,15166,1,10,1
5379,15200,1,10,1
5381,15212,1,10,1
5383,15218,1,10,1
5384,15342,1,6,-1
5385,15339,1,-7,-1
5386,15292,1,10,1
5387,15338,1,-10,-1
5390,15029,1,11,1
5392,15296,1,11,1
5394,14695,1,12,1
5395,15191,1,12,1
5396,15356,1,3,-1
5397,15343,1,-13,-1
5398,14937,1,14,1
5399,15337,1,-15,-1
5401,15322,1,14,1
5405,15345,1,14,1
5409,15368,1,9,-1
5411,15378,1,5,1
5413,15380,1,14,1
5416,15370,1,0,-1
5417,15277,1,-16,-1
5418,15344,1,-16,-1
5421,15383,1,5,1
5423,15388,1,14,1
5428,15393,1,13,-1
5431,14688,1,15,1
5433,15387,1,-1,-1
5435,15400,1,-10,-1
5439,15406,1,-9,1
5440,15262,1,-17,-1
5441,15402,1,0,1
5442,15405,1,8,1
5445,15304,1,-17,-1
5447,15411,1,-1,1
5449,15416,1,-10,1
5451,15414,1,9,1
5452,15418,1,-10,-1
5453,14958,1,15,1
5454,15326,1,-18,-1
5455,15010,1,15,1
5459,15424,1,-7,1
5463,15429,1,11,-1
5465,15428,1,0,-1
5466,15432,1,-5,-1
5467,15314,1,-20,-1
5468,15041,1,17,1
5469,15186,1,17,1
5472,15119,1,-22,-1
5478,15438,1,-8,1
5480,15445,1,-14,-1
5483,15120,1,-22,-1
5488,15270,1,-23,-1
5491,15457,1,-18,1
5493,15450,1,-8,1
5494,15425,1,-23,-1
5495,15228,1,-24,-1
5498,15465,1,-15,-1
5499,15259,1,-25,-1
5508,15475,1,-9,-1
5509,15443,1,-4,1
5512,15469,1,-19,-1
5513,15468,1,-22,-1
5515,15479,1,-14,1
5517,15473,1,-22,-1
5519,15486,1,-20,-1
5520,15474,1,-24,-1
5524,15489,1,-15,1
5525,15482,1,-8,1
5527,15494,1,-12,1
5528,15028,1,-26,-1
5529,15478,1,-7,1
5530,15441,1,-1,1
5531,15444,1,-1,1
5533,15453,1,-1,1
5543,15052,1,-26,-1
5546,15404,1,-28,-1
5551,15515,1,-24,-1
5553,15464,1,-28,-1
5561,15508,1,-22,1
5567,15509,1,-22,1
5569,15517,1,-21,1
5570,15524,1,-21,1
5571,15505,1,-18,1
5573,15540,1,-21,-1
5575,15527,1,-27,-1
5578,15544,1,-19,-1
5579,15506,1,-18,1
5582,15503,1,-16,1
5584,15549,1,-16,1
5586,15531,1,-14,1
5588,15548,1,-26,-1
5590,15555,1,-19,1
5593,15553,1,-26,-1
5594,15522,1,-12,1
5595,15559,1,-11,1
5598,15490,1,-28,-1
5599,14944,1,-29,-1
5600,14967,1,-29,-1
5601,15502,1,-9,1
5604,15205,1,-29,-1
5605,15470,1,-30,-1
5607,15565,1,-9,1
5609,15576,1,-28,1
5610,15504,1,-7,1
5612,15500,1,-30,-1
5614,15579,1,-17,1
5615,15570,1,-3,1
5621,15586,1,-7,1
5622,15587,1,-14,-1
5623,15588,1,-22,-1
5624,15585,1,-6,1
5626,15526,1,-2,1
5627,15593,1,-1,1
5628,15584,1,-27,-1
5630,15597,1,-19,1
5632,15599,1,-2,1
5635,15601,1,-16,-1
5637,15518,1,1,1
5638,15560,1,1,1
5640,15454,1,3,1
5642,15460,1,3,1
5643,15472,1,5,1
5644,15452,1,6,1
5645,15609,1,-6,-1
5646,15604,1,-8,-1
5649,15615,1,-10,1
5650,15458,1,6,1
5651,15616,1,-29,-1
5653,15439,1,7,1
5659,15471,1,7,1
5660,15620,1,-4,-1
5662,15629,1,-15,-1
5665,15632,1,-6,1
5666,15631,1,-2,1
5669,15625,1,-20,-1
5672,15536,1,-30,-1
5673,14970,1,-31,-1
5677,15455,1,-31,-1
5678,15510,1,-31,-1
5679,15551,1,-31,-1
5683,15638,1,-21,1
5685,15635,1,-19,1
5688,15652,1,-30,-1
5689,15650,1,-11,1
5691,15574,1,-31,-1
5695,15660,1,-19,-1
5696,15662,1,-12,1
5699,15665,1,-11,-1
5701,15668,1,-12,1
5706,15673,1,-17,-1
5712,15679,1,-20,1
5713,15670,1,-16,1
5714,15661,1,-28,-1
5716,15683,1,-16,-1
5717,15677,1,-10,1
5718,15672,1,-9,1
5719,15581,1,-31,-1
5720,15648,1,-7,1
5723,15520,1,-32,-1
5726,15690,1,-26,1
5729,15695,1,-25,1
5731,15693,1,-33,-1
5735,15449,1,-34,-1
5736,15528,1,-37,-1
5742,13555,1,-38,-1
5747,14800,1,-38,-1
5749,15533,1,-38,-1
5750,15545,1,-38,-1
5751,15564,1,-38,-1
5757,15702,1,-30,1
5758,15716,1,-28,1
5763,15721,1,-25,1
5764,15689,1,-24,1
5766,15728,1,-26,-1
5770,15737,1,-19,-1
5775,15729,1,-27,-1
5777,15744,1,-27,1
5779,15739,1,-26,1
5780,15741,1,-24,1
5781,15740,1,-23,1
5782,15722,1,-17,1
5783,15746,1,-17,1
5785,15752,1,-27,-1
5786,15736,1,-16,1
5790,15755,1,-19,1
5791,15733,1,-38,-1
5792,15643,1,-39,-1
5793,15724,1,-13,1
5794,15757,1,-13,1
5795,15701,1,-11,1
5796,15735,1,-11,1
5799,15765,1,-37,1
5800,15756,1,-9,1
5801,15654,1,-7,1
5803,15770,1,-36,1
5804,13370,1,-40,-1
5808,15774,1,-37,-1
5809,15775,1,-34,1
5810,14463,1,-40,-1
5811,14752,1,-40,-1
5813,14761,1,-40,-1
5817,15784,1,-26,-1
5820,15780,1,-24,1
5822,15783,1,-34,-1
5826,15773,1,-17,1
5828,15793,1,-18,-1
5830,15782,1,-15,1
5831,15791,1,-30,-1
5836,15803,1,-17,-1
5838,15801,1,-25,-1
5839,15797,1,-10,1
5840,15787,1,-9,1
5843,15805,1,-29,-1
5844,15810,1,-24,1
5845,15809,1,-12,1
5846,15795,1,-31,-1
5848,15792,1,-35,-1
5851,15818,1,-35,1
5852,15817,1,-26,1
5856,15821,1,-23,-1
5858,15815,1,-22,1
5859,15649,1,-5,1
5866,15832,1,-22,1
5868,15823,1,-28,-1
5872,15839,1,-25,1
5873,15833,1,-28,-1
5874,15800,1,-37,-1
5877,15844,1,-38,-1
5878,15837,1,-24,1
5881,15848,1,-25,1
5883,15843,1,-22,1
5884,15835,1,-21,1
5885,15829,1,-18,1
5887,15847,1,-34,-1
5889,15854,1,-25,1
5891,15856,1,-33,-1
5895,15862,1,-20,-1
5900,15831,1,-15,1
5901,15858,1,-8,1
5903,15864,1,-18,-1
5904,15867,1,-25,-1
5905,15828,1,-6,1
5906,14778,1,-41,-1
5908,15671,1,-4,1
5910,15875,1,-25,-1
5913,15880,1,-7,1
5922,15882,1,-19,-1
5923,15879,1,-24,-1
5930,15895,1,-25,1
5932,15886,1,-18,1
5933,15877,1,-28,-1
5937,15888,1,-30,-1
5942,15903,1,-25,1
5943,15887,1,-31,-1
5946,15889,1,-34,-1
5950,15894,1,-36,-1
5951,15909,1,-20,1
5952,15915,1,-15,1
5956,15902,1,-7,1
5959,15913,1,-6,1
5960,15884,1,-5,1
5962,15921,1,-13,-1
5963,15929,1,-9,1
5964,15676,1,-4,1
5965,15926,1,-36,-1
5966,15916,1,-38,-1
5967,15923,1,-4,1
5968,14801,1,-41,-1
5969,15922,1,-3,1
5975,15938,1,-40,1
5976,15942,1,-19,1
5977,15655,1,-2,1
5979,15946,1,-3,-1
5980,15639,1,-1,1
5982,15949,1,-12,1
5983,15897,1,0,1
5988,15952,1,-26,1
5989,15523,1,-41,-1
5990,15885,1,4,1
5991,15789,1,-41,-1
5995,15636,1,7,1
5997,15960,1,2,-1
6007,15962,1,1,-1
6008,15967,1,0,-1
6010,15972,1,6,1
6012,15866,1,8,1
6013,15979,1,0,-1
6014,15925,1,12,1
6016,15971,1,-10,-1
6017,15983,1,-3,1
6019,15970,1,-15,-1
6020,15986,1,-4,1
6027,15989,1,-17,1
6028,15977,1,-18,-1
6029,15973,1,-20,-1
6030,15991,1,-20,-1
6035,15993,1,-12,1
6037,16004,1,-17,1
6038,16001,1,-12,1
6040,16007,1,-7,1
6045,16011,1,-6,-1
6048,16015,1,-6,-1
6050,16014,1,-2,1
6053,15994,1,-1,1
6056,15992,1,1,1
6057,15999,1,5,1
6058,16012,1,-7,-1
6059,16000,1,6,1
6060,16010,1,8,1
6062,16029,1,-4,-1
6068,16031,1,8,-1
6069,15990,1,9,1
6072,16009,1,9,1
6077,16041,1,6,-1
6078,16042,1,-3,-1
6080,16044,1,-3,-1
6082,16020,1,9,1
6083,16033,1,-10,-1
6084,16047,1,-10,-1
6087,16053,1,10,-1
6089,16056,1,0,-1
6090,16049,1,11,1
6091,15602,1,13,1
6092,16022,1,-11,-1
6095,16062,1,-3,1
6097,16064,1,4,-1
6105,16071,1,-6,-1
6108,16068,1,-1,1
6111,16077,1,-1,-1
6112,16066,1,4,1
6114,16078,1,-4,-1
6115,16075,1,-5,-1
6120,16084,1,-1,1
6121,16070,1,5,1
6122,16081,1,6,1
6123,16086,1,-2,-1
6124,16087,1,-11,-1
6126,16067,1,11,1
6127,16093,1,-13,-1
6130,16096,1,-2,1
6133,16100,1,-7,1
6135,16099,1,-11,-1
6137,16039,1,-15,-1
6138,16097,1,-1,1
6139,16038,1,13,1
6140,16054,1,-15,-1
6142,16109,1,-13,-1
6146,16113,1,11,-1
6147,16112,1,13,1
6150,16116,1,-10,1
6154,16121,1,-9,1
6156,16120,1,-7,1
6159,16119,1,2,1
6160,15974,1,15,1
6161,16111,1,-11,-1
6162,16061,1,15,1
6171,16133,1,3,1
6174,16134,1,4,1
6177,16138,1,7,1
6182,16144,1,13,1
6183,16147,1,6,-1
6185,16132,1,-3,-1
6190,16154,1,10,1
6193,16160,1,7,-1
6194,16155,1,3,-1
6198,16163,1,9,-1
6201,16168,1,12,1
6203,16157,1,3,-1
6204,15394,1,17,1
6210,16173,1,10,1
6217,16179,1,10,1
6218,16180,1,13,1
6219,16159,1,-1,-1
6225,16188,1,-1,-1
6226,16192,1,13,1
6227,16181,1,14,1
6229,16196,1,-2,1
6233,16200,1,2,-1
6234,16190,1,14,1
6236,16177,1,15,1
6239,16203,1,10,-1
6241,16182,1,16,1
6244,15395,1,17,1
6246,16199,1,0,-1
6249,15622,1,17,1
6251,15623,1,17,1
6252,16216,1,1,-1
6253,16215,1,0,-1
6254,16198,1,-1,-1
6255,15964,1,17,1
6256,16164,1,-3,-1
6257,16019,1,17,1
6260,16035,1,17,1
6261,16218,1,-6,-1
6272,16230,1,14,-1
6273,16234,1,15,1
6274,16226,1,17,1
6275,15626,1,18,1
6277,16146,1,18,1
6278,16170,1,18,1
6282,16233,1,14,-1
6286,16252,1,18,1
6289,16210,1,19,1
6293,16213,1,19,1
6294,16251,1,19,1
6295,15382,1,20,1
6298,16174,1,20,1
6302,16267,1,19,-1
6305,16264,1,17,-1
6309,16274,1,14,-1
6310,16271,1,20,1
6312,16256,1,12,-1
6314,16247,1,11,-1
6317,16260,1,10,-1
6319,16255,1,9,-1
6321,15167,1,21,1
6325,16292,1,16,1
6333,16300,1,20,1
6334,16290,1,12,-1
6335,15316,1,21,1
6336,16288,1,11,-1
6339,15350,1,21,1
6342,16191,1,21,1
6343,16309,1,13,-1
6350,16291,1,11,-1
6352,16294,1,9,-1
6353,16276,1,8,-1
6354,16244,1,0,-1
6355,16316,1,12,1
6356,16258,1,-3,-1
6357,16314,1,15,1
6361,16327,1,-4,1
6362,16326,1,6,1
6364,16237,1,-6,-1
6365,16265,1,-7,-1
6367,16295,1,-7,-1
6368,16334,1,-5,1
6372,16337,1,-3,1
6374,16338,1,6,1
6377,16343,1,0,1
6381,16348,1,11,1
6383,16347,1,7,-1
6388,16350,1,1,-1
6390,16141,1,-8,-1
6391,16357,1,-2,1
6398,16352,1,11,1
6401,16328,1,13,1
6402,16360,1,9,-1
6405,16372,1,14,1
6406,16354,1,-8,-1
6407,16371,1,-8,-1
6409,16331,1,18,1
6411,16378,1,16,1
6414,16381,1,4,1
6415,16376,1,-2,-1
6416,16319,1,20,1
6418,15140,1,22,1
6419,15174,1,22,1
6421,16385,1,3,-1
6422,16388,1,15,1
6423,16298,1,-9,-1
6424,16339,1,-9,-1
6425,16361,1,-11,-1
6426,16368,1,-11,-1
6427,15294,1,22,1
6430,16396,1,10,-1
6431,16317,1,-12,-1
6433,16131,1,-13,-1
6434,16400,1,-9,1
6435,16211,1,-13,-1
6436,15328,1,22,1
6437,15398,1,22,1
6438,14333,1,23,1
6440,16407,1,1,1
6443,16409,1,-7,-1
6445,16410,1,11,1
6448,16126,1,-14,-1
6449,16414,1,-6,1
6452,16415,1,13,1
6454,16421,1,1,-1
6457,16423,1,14,1
6459,16426,1,13,1
6462,16429,1,-2,-1
6463,16424,1,-4,-1
6464,16428,1,8,1
6469,16434,1,5,1
6475,16419,1,21,1
6476,16438,1,14,-1
6477,14446,1,23,1
6479,16433,1,4,-1
6480,16441,1,-3,-1
6482,16449,1,13,1
6483,15361,1,23,1
6485,16418,1,-8,-1
6487,16454,1,-11,-1
6488,16452,1,4,1
6489,16156,1,-14,-1
6491,16253,1,23,1
6493,16460,1,6,-1
6494,16458,1,3,-1
6495,16032,1,-17,-1
6500,16435,1,23,1
6503,16469,1,23,1
6505,14187,1,24,1
6506,16464,1,18,-1
6508,15003,1,24,1
6514,16478,1,23,-1
6517,15266,1,24,1
6519,15624,1,24,1
6520,16467,1,17,-1
6521,16472,1,15,-1
6523,16239,1,24,1
6525,15288,1,25,1
6527,15359,1,25,1
6529,16272,1,25,1
6534,16308,1,25,1
6539,16492,1,23,-1
6544,16499,1,22,-1
6545,16504,1,16,-1
6549,16480,1,15,-1
6550,16505,1,24,1
6556,15130,1,26,1
6557,16521,1,25,-1
6560,16523,1,22,-1
6561,16508,1,26,1
6562,16486,1,0,-1
6564,16526,1,0,-1
6565,16511,1,-2,-1
6566,16520,1,-3,-1
6568,16496,1,-5,-1
6569,16531,1,15,1
6570,13980,1,27,1
6572,16483,1,-6,-1
6573,16539,1,13,1
6574,14005,1,27,1
6575,16535,1,-13,-1
6577,16341,1,-17,-1
6579,16546,1,-9,1
6585,16544,1,4,1
6588,16549,1,-8,-1
6589,16554,1,4,1
6594,16558,1,0,-1
6597,16552,1,9,1
6601,16559,1,-6,-1
6602,16566,1,0,1
6604,16548,1,-10,-1
6606,16571,1,2,1
6607,16551,1,15,1
6608,16563,1,-11,-1
6609,16568,1,15,1
6614,16564,1,-12,-1
6619,16573,1,-12,-1
6621,16578,1,-10,1
6622,16580,1,-13,-1
6623,16412,1,-17,-1
6624,16137,1,-18,-1
6630,16585,1,-7,1
6631,16586,1,-7,1
6632,16596,1,-6,1
6633,16595,1,-13,-1
6637,16588,1,-3,1
6638,16602,1,-14,-1
6639,16604,1,-16,-1
6640,16584,1,-19,-1
6641,16597,1,3,1
6651,16612,1,-17,1
6652,16002,1,-20,-1
6654,16613,1,-17,1
6655,16069,1,-21,-1
6659,16624,1,-20,-1
6660,16104,1,-21,-1
6664,16143,1,-21,-1
6666,16579,1,-21,-1
6668,15966,1,-22,-1
6670,16074,1,-23,-1
6672,16626,1,-17,1
6673,16610,1,-15,1
6676,16637,1,-13,1
6683,16645,1,-19,1
6687,16017,1,-24,-1
6690,16647,1,-9,1
6691,16656,1,-11,-1
6692,16649,1,-8,1
6695,16648,1,-24,-1
6701,16668,1,-20,1
6704,16662,1,-13,1
6705,16661,1,-7,1
6707,16102,1,-27,-1
6710,16633,1,-5,1
6712,16679,1,-16,-1
6715,16642,1,-5,1
6716,16631,1,-4,1
6718,16676,1,-22,-1
6720,16652,1,-2,1
6724,16687,1,-9,-1
6726,16691,1,-16,-1
6731,16696,1,-5,1
6734,16701,1,-11,-1
6735,16689,1,-20,-1
6736,16697,1,-5,1
6737,16674,1,-1,1
6739,16706,1,-10,1
6741,16664,1,1,1
6743,16708,1,-16,-1
6744,16685,1,-23,-1
6745,16700,1,3,1
6746,16593,1,4,1
6747,16698,1,-27,-1
6748,16344,1,-28,-1
6750,16666,1,-28,-1
6751,16072,1,-29,-1
6755,16654,1,-29,-1
6760,16665,1,-29,-1
6763,16729,1,-27,1
6766,16732,1,-29,-1
6769,16717,1,-26,1
6770,16621,1,-30,-1
6772,16739,1,-28,1
6775,16657,1,-31,-1
6780,16741,1,-31,-1
6786,16630,1,-32,-1
6787,16677,1,-32,-1
6793,16752,1,-31,1
6797,16762,1,-31,-1
6798,16750,1,-32,-1
6799,16721,1,-33,-1
6804,16733,1,-33,-1
6807,16646,1,-34,-1
6810,16727,1,-24,1
6813,16730,1,-23,1
6818,16785,1,-25,1
6821,16773,1,-22,1
6823,16790,1,-22,-1
6825,16782,1,-30,-1
6830,16720,1,-19,1
6831,16724,1,-19,1
6833,16797,1,-29,-1
6836,16794,1,-31,-1
6837,16803,1,-27,1
6839,16758,1,-18,1
6843,16787,1,-33,-1
6844,16629,1,-35,-1
6845,16774,1,-36,-1
6848,16814,1,-21,-1
6849,16771,1,-18,1
6850,16667,1,-38,-1
6852,16769,1,-12,1
6855,16822,1,-26,1
6856,16821,1,-27,-1
6858,16825,1,-17,1
6862,16827,1,-21,-1
6864,16831,1,-30,-1
6866,16833,1,-20,1
6873,16751,1,-38,-1
6874,16836,1,-38,-1
6875,16835,1,-32,1
6878,16844,1,-29,-1
6879,16839,1,-12,1
6880,16845,1,-31,-1
6883,16850,1,-19,-1
6886,16742,1,-11,1
6888,16849,1,-28,-1
6890,16855,1,-22,1
6891,16806,1,-10,1
6892,16853,1,-31,-1
6893,16819,1,-10,1
6898,16747,1,-9,1
6900,16780,1,-9,1
6901,16757,1,-8,1
6907,16870,1,-12,1
6908,16862,1,-13,-1
6911,16871,1,-18,-1
6913,16880,1,-13,1
6916,16792,1,-8,1
6918,16883,1,-17,-1
6920,16887,1,-8,1
6923,16890,1,-12,-1
6927,16872,1,-18,-1
6928,16889,1,-18,-1
6929,16882,1,-19,-1
6930,16865,1,-24,-1
6931,16863,1,-27,-1
6933,16892,1,-17,1
6935,16864,1,-29,-1
6936,16894,1,-12,1
6942,16905,1,-30,1
6946,16912,1,-19,-1
6947,16873,1,-32,-1
6948,16909,1,-32,-1
6949,16893,1,-36,-1
6950,16617,1,-39,-1
6952,16618,1,-39,-1
6954,16650,1,-39,-1
6956,16800,1,-39,-1
6957,16670,1,-40,-1
6959,16919,1,-21,1
6962,16744,1,-40,-1
6964,16921,1,-19,1
6965,16931,1,-18,1
6968,16838,1,-41,-1
6970,16937,1,-41,1
6971,16934,1,-39,1
6973,16940,1,-19,-1
6979,15075,1,-42,-1
6981,15700,1,-42,-1
6982,16611,1,-42,-1
6983,16943,1,-37,1
6984,16942,1,-18,1
6987,16954,1,-29,-1
6993,16944,1,-18,1
6999,16907,1,-16,1
7001,16962,1,-21,-1
7005,16913,1,-16,1
7008,16953,1,-16,1
7014,16977,1,-18,1
7020,16981,1,-22,-1
7023,16974,1,-14,1
7024,16959,1,-24,-1
7025,16968,1,-27,-1
7027,16966,1,-28,-1
7030,16956,1,-12,1
7031,16972,1,-10,1
7032,16997,1,-24,-1
7034,16900,1,-9,1
7037,16990,1,-30,-1
7045,17008,1,-27,1
7046,16975,1,-31,-1
7049,17001,1,-31,-1
7053,16957,1,-32,-1
7054,16978,1,-34,-1
7055,16986,1,-35,-1
7058,17025,1,-33,-1
7063,17027,1,-33,1
7065,17024,1,-32,1
7067,17030,1,-34,-1
7068,17015,1,-30,1
7070,16960,1,-36,-1
7071,17010,1,-36,-1
7076,17041,1,-38,1
7079,17004,1,-26,1
7081,17028,1,-19,1
7082,17037,1,-16,1
7084,17051,1,-19,-1
7086,17046,1,-32,-1
7088,16971,1,-39,-1
7090,16989,1,-39,-1
7092,16983,1,-40,-1
7093,17057,1,-29,1
7095,16984,1,-40,-1
7096,17059,1,-40,-1
7097,17062,1,-28,1
7098,17053,1,-27,1
7099,17020,1,-41,-1
7100,17018,1,-13,1
7110,17032,1,-13,1
7112,17029,1,-10,1
7116,16964,1,-9,1
7117,17079,1,-17,-1
7119,16970,1,-8,1
7120,17069,1,-18,-1
7122,17089,1,-21,1
7123,17075,1,-28,-1
7124,16994,1,-6,1
7125,17070,1,-29,-1
7127,17071,1,-31,-1
7128,17083,1,-31,-1
7131,17098,1,-33,-1
7132,17094,1,-24,1
7133,16877,1,-5,1
7134,17073,1,-35,-1
7137,17103,1,-23,1
7138,16980,1,-5,1
7141,17107,1,-17,1
7142,16996,1,-5,1
7143,17077,1,-5,1
7146,16902,1,-4,1
7148,17115,1,-7,-1
7154,17112,1,-22,-1
7157,17124,1,-20,1
7158,17117,1,-18,1
7162,17127,1,-20,1
7165,17121,1,-13,1
7166,17131,1,-26,-1
7171,17135,1,-15,-1
7172,17136,1,-19,-1
7177,17144,1,-23,-1
7178,17129,1,-13,1
7180,17143,1,-13,1
7182,17147,1,-15,-1
7187,17154,1,-15,-1
7189,17120,1,-9,1
7190,17149,1,-7,1
7192,17108,1,-28,-1
7194,17151,1,-6,1
7195,17161,1,-10,-1
7199,17164,1,-13,-1
7201,17168,1,-14,-1
7202,17081,1,-4,1
7207,17166,1,-15,-1
7208,17174,1,-21,-1
7211,17177,1,-18,1
7213,17180,1,-11,1
7214,17086,1,-4,1
7215,17152,1,-4,1
7217,17184,1,-8,-1
7218,16885,1,-3,1
7221,17188,1,-12,1
7222,17142,1,-28,-1
7224,17191,1,-8,-1
7228,17141,1,-31,-1
7230,17128,1,-33,-1
7240,17207,1,-32,1
7241,17171,1,-33,-1
7246,17213,1,-30,-1
7247,17195,1,-28,1
7248,17205,1,-20,1
7252,17119,1,-34,-1
7254,17138,1,-34,-1
7256,17153,1,-35,-1
7258,17194,1,-36,-1
7260,17227,1,-32,-1
7262,17219,1,-36,-1
7263,17217,1,-25,1
7265,17218,1,-25,1
7267,17229,1,-22,1
7273,17238,1,-19,1
7274,17234,1,-24,-1
7278,17193,1,-17,1
7285,17247,1,-18,-1
7288,17243,1,-26,-1
7290,17255,1,-19,1
7299,17249,1,-16,1
7301,17197,1,-14,1
7303,17245,1,-26,-1
7304,17264,1,-27,-1
7306,17200,1,-14,1
7307,17261,1,-14,1
7309,17259,1,-37,-1
7310,17263,1,-37,-1
7313,17276,1,-29,1
7314,17223,1,-10,1
7315,17280,1,-30,-1
7318,17221,1,-38,-1
7325,17273,1,-38,-1
7328,17287,1,-38,-1
7329,17284,1,-37,1
7333,17254,1,-40,-1
7336,17291,1,-35,1
7337,17240,1,-9,1
7338,17239,1,-8,1
7339,17187,1,-4,1
7341,17248,1,-3,1
7342,17266,1,-3,1
7345,17159,1,-2,1
7351,17316,1,-7,-1
7353,16784,1,-1,1
7362,17324,1,-1,1
7366,17244,1,0,1
7367,17331,1,-1,-1
7369,17320,1,-3,-1
7370,16852,1,1,1
7374,17317,1,-8,-1
7380,17178,1,1,1
7383,17343,1,-3,-1
7384,17322,1,1,1
7386,16878,1,2,1
7389,17350,1,-8,-1
7393,16963,1,2,1
7394,17172,1,3,1
7395,17360,1,-2,-1
7396,17265,1,3,1
7397,17268,1,3,1
7398,17327,1,3,1
7399,17312,1,-9,-1
7401,17072,1,5,1
7402,17340,1,-12,-1
7403,17315,1,-13,-1
7404,17118,1,5,1
7406,17339,1,-14,-1
7407,17373,1,-6,1
7411,17165,1,5,1
7412,17378,1,-14,-1
7414,17381,1,2,1
7419,17386,1,-3,1
7420,17236,1,5,1
7421,17333,1,5,1
7423,17385,1,-12,-1
7426,17376,1,-15,-1
7428,17358,1,-18,-1
7429,17359,1,-21,-1
7430,17390,1,-9,1
7432,17395,1,4,1
7433,17399,1,-16,-1
7435,17347,1,-24,-1
7436,17402,1,-4,1
7438,17392,1,-24,-1
7439,17393,1,-24,-1
7440,17308,1,-28,-1
7442,17405,1,-7,1
7443,16682,1,6,1
7448,16987,1,6,1
7450,17412,1,1,-1
7454,17420,1,-2,1
7456,17419,1,1,1
7457,17421,1,5,1
7458,17423,1,-8,-1
7459,17368,1,6,1
7460,17377,1,6,1
7461,17113,1,8,1
7465,17432,1,-1,1
7467,17384,1,9,1
7468,17325,1,11,1
7469,17434,1,4,-1
7474,17439,1,-6,-1
7475,17409,1,-20,-1
7477,17444,1,-8,1
7482,17447,1,-21,1
7484,17451,1,-19,1
7490,17453,1,-12,1
7494,17446,1,-25,-1
7496,17463,1,-16,-1
7497,17454,1,-11,1
7499,17456,1,-10,1
7501,17449,1,-6,1
7507,17471,1,-8,-1
7508,17460,1,-6,1
7509,17466,1,-18,-1
7516,17478,1,-26,1
7519,17441,1,-3,1
7520,17485,1,-3,1
7521,17486,1,-23,-1
7522,17480,1,-27,-1
7525,17491,1,-23,-1
7528,17494,1,-8,-1
7530,17497,1,0,1
7532,17499,1,1,1
7533,17492,1,2,1
7534,17349,1,-28,-1
7536,17503,1,-17,1
7540,17505,1,-23,1
7541,17455,1,-28,-1
7545,17512,1,-26,-1
7547,17506,1,-10,1
7549,17473,1,-29,-1
7550,17516,1,-5,1
7551,17332,1,-30,-1
7553,17520,1,-7,-1
7554,17474,1,-31,-1
7558,17514,1,-3,1
7560,17527,1,-5,1
7563,17524,1,-9,-1
7564,17523,1,-30,-1
7568,17535,1,-12,1
7569,17533,1,-15,-1
7571,17538,1,-4,1
7575,17542,1,-11,1
7578,17544,1,-9,-1
7579,17540,1,-7,1
7583,17541,1,-17,-1
7584,17548,1,-22,-1
7586,17534,1,-25,-1
7589,17555,1,-22,-1
7591,17553,1,-10,1
7599,17560,1,-16,-1
7601,17565,1,-29,-1
7602,17561,1,-12,1
7603,17481,1,-34,-1
7604,17562,1,-34,-1
7606,17568,1,-8,1
7609,17576,1,-32,1
7610,17573,1,-8,1
7611,17545,1,-7,1
7612,17558,1,-7,1
7613,17510,1,-1,1
7616,17525,1,0,1
7617,17550,1,1,1
7618,17582,1,-7,-1
7622,17566,1,2,1
7623,17482,1,3,1
7624,17587,1,-4,-1
7627,17593,1,-8,-1
7629,17594,1,2,1
7630,17588,1,3,1
7631,17583,1,-15,-1
7633,17596,1,-17,-1
7635,17602,1,-5,1
7640,17607,1,1,1
7643,17610,1,-1,1
7644,17600,1,3,1
7645,17604,1,-6,-1
7647,17614,1,-9,-1
7653,17605,1,-11,-1
7656,17616,1,-4,1
7657,17620,1,-1,1
7659,17626,1,-7,1
7660,17609,1,-11,-1
7661,17617,1,-11,-1
7663,17630,1,-6,-1
7665,17623,1,-11,-1
7666,17632,1,-4,1
7669,17635,1,0,-1
7670,17619,1,-18,-1
7672,17639,1,-25,1
7673,17459,1,4,1
7674,17606,1,-27,-1
7678,17644,1,-4,1
7681,17643,1,-10,-1
7682,17647,1,3,1
7683,17495,1,4,1
7684,17648,1,-11,-1
7687,17470,1,5,1
7688,17654,1,-7,-1
7689,17618,1,5,1
7690,17653,1,-17,-1
7692,17659,1,-6,1
7693,17529,1,6,1
7702,17664,1,12,-1
7704,16710,1,13,1
7705,17345,1,13,1
7707,17549,1,13,1
7708,17668,1,10,-1
7709,17472,1,14,1
7710,17530,1,14,1
7711,17666,1,2,-1
7712,16690,1,15,1
7714,17662,1,1,-1
7716,17137,1,15,1
7720,17685,1,1,1
7722,17663,1,0,-1
7725,17687,1,0,-1
7726,17686,1,1,1
7729,17696,1,8,1
7730,17665,1,-3,-1
7731,17681,1,-3,-1
7733,17669,1,-5,-1
7735,17671,1,-11,-1
7741,17704,1,5,-1
7742,17706,1,11,1
7743,17702,1,12,1
7745,17712,1,2,-1
7752,17714,1,13,-1
7753,17708,1,-3,-1
7754,17707,1,-6,-1
7757,17723,1,2,1
7759,17726,1,1,1
7761,17724,1,-7,-1
7763,17716,1,-14,-1
7764,17689,1,-17,-1
7765,17730,1,11,1
7766,17645,1,-24,-1
7767,17622,1,-27,-1
7768,17691,1,-28,-1
7775,17737,1,-27,1
7778,17742,1,-11,1
7785,17745,1,-12,-1
7786,17740,1,-10,1
7787,17747,1,-12,-1
7791,17752,1,-13,-1
7792,17750,1,-8,1
7793,17757,1,0,1
7797,17764,1,-13,1
7801,17768,1,1,1
7802,17766,1,-2,-1
7808,17771,1,6,1
7812,17777,1,7,1
7814,17773,1,3,-1
7815,17748,1,9,1
7816,17763,1,12,1
7819,17778,1,14,1
7821,17788,1,14,1
7822,17786,1,0,-1
7823,17767,1,-2,-1
7825,17383,1,15,1
7826,17792,1,4,-1
7831,17795,1,10,-1
7836,17801,1,14,-1
7838,17779,1,16,1
7839,17800,1,0,-1
7845,17812,1,-2,1
7846,17811,1,-4,-1
7849,17816,1,8,-1
7852,17818,1,2,-1
7854,17774,1,-5,-1
7855,17810,1,-7,-1
7856,17809,1,12,1
7858,17772,1,-10,-1
7859,17802,1,-11,-1
7862,17762,1,-14,-1
7863,17829,1,-14,-1
7864,17815,1,-15,-1
7867,17775,1,-22,-1
7869,17836,1,-15,1
7871,17838,1,-13,1
7874,17841,1,-11,-1
7875,17834,1,-8,1
7877,17828,1,-7,1
7878,17840,1,-21,-1
7881,17847,1,-12,1
7883,17850,1,-18,-1
7884,17751,1,-24,-1
7887,17853,1,-12,-1
7889,17854,1,-16,-1
7890,17856,1,-12,1
7891,17756,1,-24,-1
7892,17825,1,-6,1
7894,17861,1,-11,-1
7899,17866,1,-19,1
7901,17868,1,-14,-1
7903,17870,1,-7,-1
7905,17863,1,-21,-1
7912,17877,1,-14,1
7914,17758,1,-25,-1
7915,17833,1,-26,-1
7918,17881,1,-23,1
7919,17864,1,-6,1
7920,17874,1,-27,-1
7921,17875,1,-27,-1
7923,17878,1,-6,1
7924,17872,1,-5,1
7925,17890,1,-29,-1
7932,17897,1,-12,-1
7933,17896,1,-15,-1
7936,17898,1,-23,-1
7937,17903,1,-31,-1
7939,17894,1,-11,1
7941,17906,1,-30,-1
7946,17749,1,-32,-1
7947,17911,1,-32,-1
7948,17457,1,-35,-1
7949,17575,1,-35,-1
7950,17744,1,-35,-1
7953,17895,1,-35,-1
7955,17910,1,-25,1
7956,17448,1,-36,-1
7962,17556,1,-38,-1
7967,17739,1,-38,-1
7968,17925,1,-29,1
7971,17912,1,-23,1
7975,17940,1,-33,-1
7976,17941,1,-30,1
7977,17934,1,-23,1
7978,17928,1,-20,1
7979,17942,1,-18,1
7981,17931,1,-13,1
7982,17919,1,-12,1
7987,17908,1,-8,1
7989,17954,1,-11,-1
7991,17933,1,-8,1
7993,17948,1,-21,-1
7994,17922,1,-6,1
7995,17844,1,1,1
7997,17958,1,-21,-1
8001,17966,1,-11,1
8002,17956,1,-28,-1
8003,17964,1,-4,1
8005,17876,1,1,1
8011,17952,1,1,1
8013,17967,1,1,1
8014,17974,1,-5,-1
8015,17980,1,-10,-1
8016,17953,1,2,1
8017,17977,1,-17,-1
8020,17972,1,2,1
8021,17986,1,-10,-1
8022,17987,1,-12,-1
8023,17899,1,3,1
8028,17992,1,2,-1
8029,17993,1,-3,-1
8030,17975,1,-21,-1
8032,17902,1,3,1
8039,18005,1,-8,1
8040,17999,1,-11,-1
8041,18002,1,-15,-1
8046,18001,1,0,1
8047,17865,1,4,1
8053,18013,1,-11,-1
8055,18012,1,-12,-1
8058,18006,1,5,1
8061,18011,1,8,1
8062,18025,1,8,1
8063,18019,1,11,1
8064,18024,1,0,-1
8065,18028,1,0,-1
8067,18034,1,-8,1
8069,18020,1,11,1
8070,18036,1,-8,-1
8072,18039,1,-8,-1
8078,18003,1,13,1
8079,18042,1,16,1
8082,17994,1,17,1
8084,17805,1,18,1
8087,18053,1,16,-1
8089,18044,1,12,-1
8090,17808,1,18,1
8093,16567,1,19,1
8096,18063,1,12,-1
8097,17355,1,19,1
8099,18041,1,11,-1
8101,18027,1,-12,-1
8105,18016,1,-13,-1
8106,18010,1,-15,-1
8109,18076,1,-12,1
8114,18078,1,-10,-1
8115,18068,1,-1,1
8117,18084,1,0,-1
8119,18086,1,-13,1
8121,18079,1,-16,-1
8122,18088,1,-13,1
8128,18095,1,-9,-1
8129,18080,1,2,1
8130,18092,1,-10,-1
8133,18072,1,6,1
8135,18099,1,-2,-1
8136,18070,1,8,1
8137,18091,1,-12,-1
8141,18106,1,-9,1
8143,18075,1,-19,-1
8148,18115,1,-16,-1
8150,18113,1,-9,1
8153,18081,1,-19,-1
8154,17995,1,-22,-1
8155,18110,1,-7,1
8157,18114,1,-7,1
8163,18130,1,-6,-1
8164,18124,1,-13,-1
8166,18133,1,-6,-1
8167,18127,1,-13,-1
8168,18107,1,-5,1
8174,18138,1,1,-1
8178,18141,1,-8,-1
8182,18147,1,-8,-1
8185,18143,1,-4,1
8190,18156,1,-4,1
8191,18145,1,3,1
8193,18155,1,-8,-1
8195,18148,1,-10,-1
8198,18165,1,2,1
8199,18160,1,-11,-1
8201,18129,1,7,1
8202,18139,1,7,1
8210,18176,1,-1,-1
8214,18181,1,-3,-1
8215,18172,1,-5,-1
8216,18171,1,-6,-1
8222,18185,1,2,1
8224,18189,1,-5,-1
8226,18175,1,-9,-1
8227,18174,1,5,1
8232,18196,1,-7,1
8233,18198,1,-5,1
8236,18197,1,5,1
8239,18137,1,-12,-1
8241,18157,1,-14,-1
8243,18173,1,6,1
8244,18179,1,-14,-1
8247,18213,1,-11,-1
8249,18216,1,-1,-1
8252,18214,1,3,1
8253,18218,1,4,1
8255,18162,1,-15,-1
8258,18144,1,7,1
8259,18120,1,8,1
8261,18224,1,-6,-1
8266,18225,1,-8,-1
8267,18154,1,-19,-1
8268,18232,1,-4,1
8271,18237,1,-15,1
8272,18206,1,-20,-1
8274,18126,1,-21,-1
8276,18186,1,-22,-1
8281,18199,1,-24,-1
8282,18208,1,-24,-1
8289,18119,1,-25,-1
8290,18247,1,-20,1
8295,18243,1,-14,1
8296,18260,1,-17,-1
8298,18219,1,-27,-1
8299,17968,1,-28,-1
8301,18241,1,-10,1
8306,18251,1,-10,1
8309,18271,1,-14,-1
8312,18279,1,-12,-1
8318,18283,1,-17,-1
8320,18281,1,-11,1
8321,18270,1,-19,-1
8322,18268,1,-24,-1
8323,18282,1,-27,-1
8325,18292,1,-13,-1
8328,18295,1,-18,-1
8333,18300,1,-18,1
8334,18262,1,-10,1
8337,18265,1,-9,1
8338,18303,1,-7,1
8339,18259,1,-6,1
8340,18261,1,-3,1
8341,18273,1,0,1
8343,18231,1,1,1
8344,18299,1,1,1
8347,18313,1,-8,1
8353,18319,1,1,1
8354,18320,1,-13,-1
8355,18248,1,5,1
8357,18318,1,-14,-1
8364,18316,1,-16,-1
8365,18310,1,-19,-1
8368,18297,1,-23,-1
8369,18326,1,-11,1
8370,18331,1,-1,1
8374,18187,1,-28,-1
8376,18339,1,-19,1
8379,17978,1,-29,-1
8380,18275,1,-29,-1
8382,18346,1,-17,1
8383,18287,1,-29,-1
8388,18353,1,-23,1
8389,18352,1,-19,1
8390,18004,1,-30,-1
8394,18359,1,-18,-1
8395,18355,1,-17,1
8399,18364,1,-22,-1
8404,18341,1,-13,1
8410,18354,1,-13,1
8411,18371,1,-14,-1
8412,18373,1,-15,-1
8413,18374,1,-15,-1
8414,18368,1,-22,-1
8417,18383,1,-9,-1
8418,18384,1,3,1
8419,18328,1,4,1
8421,18388,1,-14,1
8422,18285,1,5,1
8424,18391,1,-9,1
8427,18324,1,6,1
8430,18376,1,6,1
8432,18394,1,3,-1
8434,18393,1,2,-1
8436,18403,1,-3,-1
8438,18405,1,-16,-1
8440,18396,1,-21,-1
8441,18407,1,-8,1
8443,18180,1,8,1
8447,18191,1,8,1
8449,18413,1,6,-1
8451,18412,1,4,-1
8452,18329,1,9,1
8460,18421,1,-2,-1
8461,18426,1,-1,1
8462,18093,1,10,1
8466,18424,1,-5,-1
8467,18432,1,-8,-1
8471,18437,1,8,-1
8472,18436,1,-1,-1
8476,18433,1,-13,-1
8477,18441,1,-6,1
8480,18447,1,-11,-1
8483,18423,1,-15,-1
8484,18449,1,-11,1
8487,18442,1,-4,1
8490,18457,1,-11,1
8495,18459,1,6,1
8498,18443,1,7,1
8500,18462,1,1,-1
8501,18460,1,-10,-1
8502,18450,1,10,1
8506,18473,1,-9,-1
8507,18467,1,-10,-1
8512,18479,1,-6,-1
8513,18461,1,-13,-1
8514,18438,1,-16,-1
8515,18410,1,-20,-1
8517,18414,1,-22,-1
8518,18484,1,-20,1
8522,18477,1,-5,1
8523,18471,1,6,1
8524,18100,1,11,1
8530,18493,1,-2,-1
8531,18497,1,9,1
8534,18489,1,-7,-1
8535,18500,1,6,1
8542,18506,1,7,-1
8543,18508,1,7,-1
8548,18514,1,-6,1
8549,18505,1,-7,-1
8552,18504,1,9,1
8558,18524,1,7,-1
8560,18205,1,11,1
8567,18317,1,11,1
8568,18518,1,3,-1
8575,18542,1,10,-1
8577,18539,1,9,-1
8578,18537,1,-1,-1
8579,18531,1,-4,-1
8581,18548,1,1,-1
8583,18418,1,11,1
8584,18523,1,-5,-1
8585,18456,1,11,1
8586,18495,1,-8,-1
8587,18544,1,-9,-1
8593,18556,1,8,1
8596,18560,1,8,1
8597,18563,1,3,-1
8598,18562,1,0,-1
8600,18567,1,7,-1
8602,18558,1,-4,-1
8603,18557,1,10,1
8605,18501,1,12,1
8607,18572,1,-5,-1
8608,18284,1,13,1
8609,18540,1,13,1
8611,18559,1,13,1
8616,18210,1,14,1
8618,18375,1,14,1
8620,18578,1,12,-1
8621,18583,1,9,-1
8622,18582,1,14,1
8623,18177,1,15,1
8626,18534,1,15,1
8630,18597,1,15,1
8632,18094,1,18,1
8637,18595,1,14,-1
8640,18585,1,7,-1
8641,17728,1,19,1
8643,18610,1,8,1
8644,18018,1,19,1
8645,18152,1,19,1
8647,18431,1,19,1
8648,18464,1,19,1
8650,16555,1,20,1
8651,18603,1,0,-1
8652,17700,1,20,1
8657,17821,1,20,1
8658,18604,1,-1,-1
8661,18627,1,0,-1
8662,18628,1,4,1
8664,17976,1,20,1
8666,18596,1,-4,-1
8668,18633,1,16,1
8672,18601,1,-4,-1
8673,18635,1,-8,-1
8674,18638,1,6,1
8678,18644,1,-6,1
8679,18639,1,16,1
8681,18648,1,-6,-1
8682,18645,1,17,1
8686,18614,1,-9,-1
8689,18623,1,-9,-1
8690,18652,1,-8,1
8692,18515,1,-11,-1
8693,18513,1,-13,-1
8694,18656,1,9,1
8695,18653,1,17,1
8700,18527,1,-14,-1
8704,18671,1,-5,-1
8706,18669,1,-13,-1
8707,18670,1,-15,-1
8711,18677,1,-11,1
8712,18673,1,-3,1
8714,18681,1,0,-1
8715,18574,1,-16,-1
8716,18666,1,4,1
8717,18676,1,-16,-1
8718,18664,1,8,1
8719,18667,1,11,1
8720,18643,1,18,1
8721,18655,1,-18,-1
8722,18665,1,-18,-1
8724,18691,1,14,-1
8726,18693,1,-7,1
8727,18587,1,20,1
8728,18509,1,21,1
8730,18697,1,14,-1
8732,18569,1,-20,-1
8737,18704,1,-16,-1
8738,18659,1,-20,-1
8742,18427,1,-22,-1
8744,18699,1,-13,1
8745,18465,1,-22,-1
8747,18453,1,-23,-1
8748,18714,1,-11,1
8749,18361,1,-24,-1
8753,18718,1,-17,-1
8754,18720,1,-22,-1
8758,18719,1,-10,1
8765,18727,1,-17,1
8766,18724,1,-19,-1
8769,18735,1,-6,1
8770,18703,1,-2,1
8771,18732,1,-20,-1
8772,18729,1,-2,1
8773,18476,1,-24,-1
8777,18521,1,21,1
8778,18742,1,14,-1
8779,18725,1,-24,-1
8781,17341,1,22,1
8782,17414,1,22,1
8784,18748,1,-7,-1
8787,18369,1,-25,-1
8790,18756,1,-21,1
8791,18478,1,-26,-1
8792,18754,1,-27,-1
8796,18753,1,-2,1
8798,18761,1,-15,-1
8800,18762,1,-25,-1
8803,18769,1,-21,1
8807,18763,1,-25,-1
8809,18770,1,-28,-1
8813,18366,1,-29,-1
8815,18780,1,-25,1
8816,18767,1,-8,1
8818,18702,1,-29,-1
8820,18787,1,-12,-1
8822,18272,1,-30,-1
8823,18709,1,-30,-1
8825,18245,1,-31,-1
8826,18789,1,-27,1
8830,18278,1,-31,-1
8832,18298,1,-31,-1
8834,18711,1,-31,-1
8837,18799,1,-22,1
8842,18809,1,-28,1
8844,18736,1,-31,-1
8845,18811,1,-24,1
8849,18803,1,-31,-1
8854,18818,1,-29,1
8855,18821,1,-29,1
8858,18807,1,-16,1
8859,18824,1,-16,1
8860,18808,1,-14,1
8862,18801,1,-13,1
8863,17951,1,-32,-1
8869,18834,1,-24,1
8870,18708,1,-32,-1
8871,18835,1,-23,1
8875,18804,1,-32,-1
8876,18778,1,-33,-1
8881,18846,1,-23,1
8884,18349,1,-34,-1
8892,18836,1,-22,1
8895,18858,1,-31,-1
8898,18857,1,-20,1
8899,18832,1,-19,1
8900,18851,1,-18,1
8904,18871,1,-32,1
8905,18796,1,-34,-1
8910,18855,1,-34,-1
8911,18869,1,-29,1
8912,17960,1,-35,-1
8913,18334,1,-35,-1
8917,18874,1,-21,1
8921,18886,1,-25,1
8925,18853,1,-16,1
8928,18894,1,-27,1
8930,18840,1,-14,1
8935,18900,1,-25,-1
8937,18899,1,-28,-1
8938,18876,1,-14,1
8942,18908,1,-18,1
8943,18907,1,-22,-1
8944,18816,1,-12,1
8946,18845,1,-10,1
8949,18916,1,-27,-1
8951,18902,1,-30,-1
8955,18920,1,-20,1
8959,18488,1,-35,-1
8969,18933,1,-21,1
8970,18930,1,-23,-1
8971,18932,1,-20,1
8976,18928,1,-25,-1
8981,18940,1,-20,1
8985,18950,1,-18,-1
8986,18934,1,-16,1
8987,18929,1,-33,-1
8995,18961,1,-35,1
8996,18773,1,-36,-1
8997,18785,1,-37,-1
8998,18829,1,-37,-1
9002,18968,1,-29,1
9005,18956,1,-24,1
9006,18971,1,-20,1
9016,18979,1,-24,1
9017,18977,1,-25,-1
9019,18982,1,-27,-1
9021,18981,1,-33,-1
9022,18980,1,-18,1
9024,18975,1,-14,1
9033,19000,1,-25,1
9036,19002,1,-33,1
9038,18993,1,-19,1
9039,18967,1,-34,-1
9045,19012,1,-25,1
9046,19009,1,-27,-1
9055,19011,1,-30,-1
9056,19003,1,-19,1
9057,19008,1,-16,1
9058,19010,1,-15,1
9060,19015,1,-34,-1
9062,19027,1,-36,-1
9063,18995,1,-14,1
9065,19032,1,-22,-1
9066,18936,1,-13,1
9070,18960,1,-13,1
9073,19040,1,-20,-1
9079,19037,1,-25,-1
9080,19035,1,-26,-1
9083,19039,1,-17,1
9086,19046,1,-29,-1
9087,19052,1,-22,1
9089,19056,1,-28,1
9092,19059,1,-29,1
9095,19058,1,-13,1
9096,18998,1,-12,1
9097,19044,1,-12,1
9098,19062,1,-20,-1
9099,19061,1,-29,-1
9104,19053,1,-36,-1
9113,19036,1,-37,-1
9114,19074,1,-33,1
9115,18314,1,-38,-1
9118,18730,1,-38,-1
9119,19042,1,-38,-1
9125,18108,1,-39,-1
9127,18238,1,-39,-1
9130,19068,1,-31,1
9132,19070,1,-30,1
9135,19099,1,-29,1
9136,19101,1,-31,-1
9139,19097,1,-32,-1
9146,19110,1,-33,-1
9153,19108,1,-28,1
9157,19080,1,-26,1
9159,19123,1,-30,-1
9160,19117,1,-32,-1
9162,19096,1,-24,1
9166,19088,1,-23,1
9169,19090,1,-23,1
9171,19077,1,-22,1
9172,19124,1,-19,1
9173,19135,1,-24,-1
9175,19073,1,-17,1
9176,19106,1,-16,1
9177,19138,1,-24,-1
9178,19109,1,-14,1
9179,19133,1,-14,1
9180,19142,1,-29,-1
9181,18925,1,-11,1
9185,19150,1,-21,1
9186,18942,1,-11,1
9187,18997,1,-11,1
9188,19017,1,-11,1
9192,19158,1,-17,-1
9196,19115,1,-11,1
9198,19119,1,-10,1
9200,19157,1,-23,-1
9201,19159,1,-23,-1
9203,19151,1,-26,-1
9205,19152,1,-28,-1
9209,19118,1,-34,-1
9210,19162,1,-34,-1
9211,19174,1,-14,1
9214,19163,1,-10,1
9221,19185,1,-10,-1
9227,19194,1,-20,-1
9229,19196,1,-16,-1
9231,19198,1,-16,-1
9232,19188,1,-28,-1
9233,19184,1,-8,1
9234,19190,1,-8,1
9236,19203,1,-21,1
9238,18978,1,-7,1
9240,19207,1,-8,1
9243,19136,1,-7,1
9244,19205,1,-12,-1
9246,19210,1,-13,-1
9247,19172,1,-7,1
9248,18892,1,-6,1
9250,19165,1,-35,-1
9255,19187,1,-35,-1
9258,19217,1,-32,1
9260,19111,1,-36,-1
9261,18370,1,-39,-1
9262,18815,1,-39,-1
9265,18890,1,-39,-1
9266,19020,1,-39,-1
9269,19225,1,-39,-1
9272,19219,1,-25,1
9274,19238,1,-27,-1
9276,19224,1,-25,1
9282,19246,1,-31,-1
9283,19241,1,-34,-1
9285,19220,1,-24,1
9289,19249,1,-24,1
9293,19259,1,-25,1
9294,19245,1,-22,1
9296,19258,1,-26,-1
9298,19255,1,-30,-1
9299,19265,1,-25,1
9300,19222,1,-17,1
9302,19256,1,-34,-1
9304,18294,1,-40,-1
9306,18335,1,-40,-1
9308,19275,1,-39,-1
9310,18340,1,-40,-1
9314,18991,1,-40,-1
9317,19269,1,-33,1
9320,19287,1,-34,1
9323,19120,1,-40,-1
9327,19277,1,-31,1
9328,19271,1,-30,1
9334,19300,1,-39,1
9335,19293,1,-28,1
9339,19298,1,-28,1
9341,19290,1,-27,1
9342,19283,1,-26,1
9343,19305,1,-24,1
9344,19304,1,-31,-1
9347,19313,1,-20,-1
9349,19314,1,-29,-1
9353,19316,1,-30,-1
9356,19323,1,-22,-1
9360,19318,1,-39,-1
9362,19325,1,-38,1
9363,18901,1,-41,-1
9364,19327,1,-26,1
9367,19308,1,-19,1
9369,19231,1,-17,1
9373,19339,1,-17,1
9375,19252,1,-15,1
9376,19334,1,-21,-1
9380,19345,1,-39,1
9384,19254,1,-14,1
9386,19353,1,-26,1
9387,19333,1,-14,1
9390,19357,1,-31,-1
9391,19356,1,-34,-1
9392,19029,1,-41,-1
9393,19113,1,-41,-1
9396,19350,1,-14,1
9398,19294,1,-13,1
9400,19365,1,-21,-1
9403,19349,1,-13,1
9411,19373,1,-16,-1
9417,19378,1,-13,1
9418,19243,1,-12,1
9423,19377,1,-19,-1
9428,19351,1,-12,1
9430,19247,1,-9,1
9431,19320,1,-8,1
9433,19227,1,-7,1
9438,19394,1,-13,-1
9439,19403,1,-8,1
9440,19404,1,-19,-1
9441,19362,1,-22,-1
9445,19363,1,-7,1
9448,19414,1,-10,1
9449,19369,1,-23,-1
9450,19376,1,-23,-1
9453,19419,1,-11,-1
9454,19410,1,-7,1
9456,19420,1,-7,1
9458,19175,1,-6,1
9459,19425,1,-12,-1
9461,19428,1,-12,1
9462,19372,1,-6,1
9463,19415,1,-30,-1
9464,19397,1,-6,1
9465,18918,1,-5,1
9466,19374,1,-32,-1
9472,19438,1,-31,1
9474,19437,1,-24,1
9477,19400,1,-32,-1
9482,19444,1,-22,1
9483,19435,1,-17,1
9485,19452,1,-21,1
9486,19448,1,-26,-1
9489,19456,1,-15,1
9493,19459,1,-22,-1
9494,19412,1,-32,-1
9495,19449,1,-36,-1
9496,19458,1,-20,1
9497,19436,1,-37,-1
9500,19466,1,-16,-1
9502,19395,1,-38,-1
9504,19469,1,-30,1
9505,19439,1,-14,1
9507,18972,1,-5,1
9510,19474,1,-11,-1
9512,19476,1,-14,-1
9514,19481,1,-17,-1
9515,19471,1,-35,-1
9516,19380,1,-40,-1
9518,19485,1,-34,-1
9520,19487,1,-24,-1
9522,19489,1,-34,-1
9523,19390,1,-40,-1
9529,18994,1,-5,1
9532,19496,1,-18,-1
9535,19502,1,-15,1
9540,19498,1,-14,1
9541,19505,1,-12,1
9544,19492,1,-19,-1
9547,19504,1,-19,-1
9550,19510,1,-18,1
9552,19495,1,-30,-1
9553,19516,1,-15,1
9555,19507,1,-8,1
9558,19524,1,-16,1
9560,19527,1,-21,-1
9563,19529,1,-10,-1
9567,19519,1,-8,1
9568,19532,1,-12,-1
9572,19539,1,-25,-1
9573,19522,1,-27,-1
9575,19530,1,-7,1
9578,19542,1,-15,-1
9579,19511,1,-6,1
9581,18996,1,-5,1
9583,19550,1,-14,-1
9585,19016,1,-5,1
9588,19555,1,-16,-1
9589,19554,1,-14,1
9590,19548,1,-20,-1
9592,19340,1,-5,1
9593,19544,1,-23,-1
9594,19517,1,-31,-1
9595,19538,1,-31,-1
9596,19533,1,-33,-1
9599,19565,1,-15,-1
9601,19537,1,-33,-1
9605,19493,1,-35,-1
9610,19455,1,-40,-1
9615,19568,1,-29,1
9617,19570,1,-29,1
9618,19582,1,-36,-1
9619,19576,1,-26,1
9622,19588,1,-12,1
9623,19589,1,-20,-1
9624,18806,1,-42,-1
9625,19584,1,-10,1
9626,19571,1,-6,1
9627,19393,1,-5,1
9628,19405,1,-5,1
9631,19494,1,-5,1
9633,19367,1,-4,1
9637,19597,1,-18,-1
9640,19049,1,-42,-1
9641,19606,1,-34,1
9644,19411,1,-4,1
9648,19610,1,-8,-1
9650,19613,1,-22,-1
9652,19619,1,-5,1
9653,19441,1,-4,1
9654,18924,1,-3,1
9655,18986,1,-3,1
9661,19624,1,-25,-1
9663,19611,1,-32,-1
9664,19630,1,-24,1
9667,19614,1,-32,-1
9670,19071,1,-42,-1
9672,19633,1,-31,1
9674,19089,1,-42,-1
9676,19636,1,-29,1
9677,19641,1,-28,1
9678,19626,1,-18,1
9680,19447,1,-42,-1
9685,18865,1,-43,-1
9688,19021,1,-43,-1
9689,19022,1,-43,-1
9697,19659,1,-42,1
9699,19651,1,-36,1
9702,19658,1,-34,1
9704,19669,1,-39,-1
9706,19673,1,-36,1
9712,19666,1,-42,-1
9716,19050,1,-43,-1
9720,19319,1,-43,-1
9721,19685,1,-41,1
9722,19627,1,-43,-1
9726,18252,1,-44,-1
9730,18909,1,-44,-1
9731,19692,1,-42,1
9736,19696,1,-42,1
9740,19248,1,-44,-1
9741,19676,1,-40,1
9744,19693,1,-44,-1
9753,19647,1,-45,-1
9756,19716,1,-44,1
9760,19727,1,-40,1
9765,19731,1,-39,-1
9766,18253,1,-46,-1
9768,19675,1,-38,1
9776,19743,1,-43,1
9781,19741,1,-44,-1
9784,19740,1,-42,1
9789,19742,1,-45,-1
9790,18841,1,-46,-1
9794,19682,1,-38,1
9796,19761,1,-43,-1
9797,19732,1,-38,1
9798,19737,1,-38,1
9800,19677,1,-37,1
9802,19745,1,-37,1
9806,19236,1,-46,-1
9811,19700,1,-36,1
9815,19751,1,-36,1
9818,19784,1,-42,-1
9820,19771,1,-36,1
9822,19775,1,-34,1
9823,19678,1,-33,1
9824,19789,1,-36,-1
9825,19776,1,-33,1
9826,19446,1,-46,-1
9827,19514,1,-46,-1
9828,19720,1,-46,-1
9833,19281,1,-47,-1
9834,19798,1,-35,1
9835,19655,1,-47,-1
9839,18792,1,-48,-1
9841,19805,1,-34,1
9845,19808,1,-42,-1
9847,19814,1,-35,-1
9855,19822,1,-39,1
9856,19816,1,-47,-1
9857,18884,1,-48,-1
9859,19819,1,-36,1
9862,19828,1,-34,1
9865,19831,1,-34,-1
9866,19826,1,-40,-1
9867,19750,1,-32,1
9869,19810,1,-31,1
9873,19839,1,-37,-1
9879,19843,1,-39,-1
9881,18999,1,-48,-1
9883,19005,1,-48,-1
9884,19845,1,-38,1
9885,19126,1,-48,-1
9886,19697,1,-48,-1
9887,19760,1,-48,-1
9891,19857,1,-40,-1
9892,19686,1,-30,1
9893,17097,1,-49,-1
9895,19695,1,-29,1
9896,19862,1,-38,-1
9906,19865,1,-30,-1
9908,19769,1,-29,1
9909,19681,1,-28,1
9911,19867,1,-35,-1
9913,19880,1,-45,1
9914,19800,1,-28,1
9915,17479,1,-49,-1
9920,19886,1,-40,1
9926,19885,1,-35,1
9930,19856,1,-28,1
9934,19649,1,-26,1
9935,19683,1,-26,1
9938,19753,1,-26,1
9941,19908,1,-31,1
9944,19811,1,-26,1
9945,19896,1,-32,-1
9950,19916,1,-36,1
9952,19895,1,-44,-1
9954,19901,1,-44,-1
9957,19919,1,-39,1
9958,19289,1,-49,-1
9964,19927,1,-42,-1
9967,19928,1,-30,1
9971,19900,1,-26,1
9972,19933,1,-31,-1
9979,19942,1,-45,1
9984,19946,1,-37,1
9988,19643,1,-49,-1
9990,19326,1,-50,-1
9993,19575,1,-50,-1
9994,19580,1,-50,-1
9999,19840,1,-50,-1
